Year,Birth_year,City,SBD,maths,Literature,Physics,Chemistry,Biology,Eng
2018,2000,Da Nang,4006003,4.2,1.5,,,,
2018,2000,Da Nang,4006006,6.6,3.5,7,4.75,4.5,2.2
2018,2000,Da Nang,4006008,6.6,8,6.5,6,6.25,6.2
2018,2000,Da Nang,4006013,5.2,3,3.5,3.75,4.75,3.4
2018,2000,Da Nang,4006019,7,6.25,6.25,5.5,3.75,6.2
2018,2000,Da Nang,4006020,3.6,4,4.25,5.75,4.5,3.8
2018,2000,Da Nang,4006023,7.6,6.75,3.75,3.75,3.25,3.6
2018,2000,Da Nang,4006048,5.2,3,4.25,3.75,3.5,2.4
2018,2000,Da Nang,4006060,5,6,4,2.5,3.5,5.6
2018,2000,Da Nang,4006065,7.2,6,8,6.5,5.5,6.2
2018,2000,Da Nang,4005568,5.4,5.75,1.5,3.5,2.75,5
2018,2000,Da Nang,4005569,4.2,4.25,2.75,2.75,2.75,6.4
2018,2000,Da Nang,4005570,2.8,2.25,3.25,7,5,3.6
2018,2000,Da Nang,4005575,6.4,6,4.5,4,5.25,4.4
2018,2000,Da Nang,4005422,4.6,8.25,6,3.25,4,6.4
2018,2000,Da Nang,4005433,3.6,3.5,3.75,2.75,4.25,2.2
2018,2000,Da Nang,4005440,3.4,2.75,6,6.25,3.5,3
2018,2000,Da Nang,4005426,5,4.5,,,,3
2018,2000,Da Nang,4005606,4.6,3,,,,3
2018,2000,Da Nang,4005607,3.4,5,,,,1.6
2018,2000,Da Nang,4005610,6.8,4.25,,,,5
2018,2000,Da Nang,4005621,6,3.25,4.25,3.25,3,5
2018,2000,Da Nang,4005631,6.6,8.5,2,4.25,4.25,7.6
2018,2000,Da Nang,4005671,5.6,5.75,4.25,3.5,3.25,7.2
2018,2000,Da Nang,4005675,4.2,5,6.5,5.5,3.25,4.2
2018,2000,Da Nang,4005691,2.8,2.25,5.5,3.5,4,3
2018,2000,Da Nang,4005713,4.4,4.5,7,6.75,4.25,7.4
2018,2000,Da Nang,4005571,4.8,3.75,3.25,6,2.25,3
2018,2000,Da Nang,4005573,5.4,3.75,3.75,3.75,4,3
2018,2000,Da Nang,4005577,5.6,5.75,4,1.5,4.75,1.6
2018,2000,Da Nang,4005641,6.4,6,4,3.5,4,6.8
2018,2000,Da Nang,4005653,5.4,5.5,5.5,3.75,3.5,2.4
2018,2000,Da Nang,4005656,5.4,8,2.5,4.75,3,3.6
2018,2000,Da Nang,4005662,6.2,6.25,5.75,3,3.75,6.4
2018,2000,Da Nang,4005647,5.8,2.75,3.5,3.5,5.5,2.4
2018,2000,Da Nang,4005659,4.8,3.5,5.75,4.5,4.5,3.4
2018,2000,Da Nang,4005664,5,5.25,6.25,6,5,3.8
2018,2000,Da Nang,4005666,5.8,4.75,3.75,5,4.5,3.2
2018,2000,Da Nang,4005670,4.8,4.75,3.5,3.5,2.75,4.4
2018,2000,Da Nang,4005672,6.6,5.5,2.5,3,4,4
2018,2000,Da Nang,4005674,5.2,5.5,4.25,4.75,4.5,5
2018,2000,Da Nang,4005676,6.6,3.25,5.25,5.25,2.5,1.8
2018,2000,Da Nang,4005678,7.6,4.5,6,5,3.5,6.6
2018,2000,Da Nang,4005680,6.4,6,4,3.5,4.25,5
2018,2000,Da Nang,4005682,6.6,2.25,5.75,5.5,4.25,1.6
2018,2000,Da Nang,4005684,5.4,5.25,7.25,5.75,4.75,2.4
2018,2000,Da Nang,4005159,3,2.75,6.5,7,4.5,2.4
2018,2000,Da Nang,4005181,4.2,5,5.75,6.5,4.5,3
2018,2000,Da Nang,4005183,4.4,4,4.75,4.25,4,1.8
2018,2000,Da Nang,4005595,4,6,7.75,6.75,3.75,2.6
2018,2000,Da Nang,4005598,5.2,5.25,3.5,7.75,6.75,3.8
2018,2000,Da Nang,4005601,5.6,5.25,6.25,5.5,4.25,1.6
2018,2000,Da Nang,4005614,6.4,6,3.25,4,3.75,2.2
2018,2000,Da Nang,4005437,5.4,6.5,4.75,5.5,4.75,4.8
2018,2000,Da Nang,4005449,4,7,2.5,6,6.25,1.8
2018,2000,Da Nang,4005451,3.6,5.25,4.5,6,4.25,3
2018,2000,Da Nang,4004912,4.8,6.5,3.25,4.25,4.25,3.8
2018,2000,Da Nang,4004916,3.6,5.25,1.25,2.5,3.25,4.4
2018,2000,Da Nang,4005046,4.6,5.5,4.25,3.75,4.25,5.4
2018,2000,Da Nang,4005019,5.6,5.5,3.5,5.25,4,2.6
2018,2000,Da Nang,4005024,6.2,4,6.75,7.25,5.25,6.6
2018,2000,Da Nang,4005031,5.4,3.75,2.75,4.25,4.5,2.8
2018,2000,Da Nang,4005574,6.2,4,3.25,4,4.75,3.8
2018,2000,Da Nang,4005581,6.4,2.5,3.25,3.25,3.5,5.8
2018,2000,Da Nang,4005587,5.6,4,3.5,6.25,6,4.4
2018,2000,Da Nang,4005590,2.4,3.25,4.75,6,3.75,3
2018,2000,Da Nang,4005591,6.4,5.25,5.75,4.25,5.5,7.2
2018,2000,Da Nang,4005592,5.6,5,3.5,4.75,3.5,3.4
2018,2000,Da Nang,4005597,6.2,6,2.75,3.75,2.75,3.6
2018,2000,Da Nang,4005604,6.2,6.25,3,5,3.25,2.8
2018,2000,Da Nang,4005609,4.2,3.25,4,3,4.5,1.8
2018,2000,Da Nang,4004887,3.2,6,5,7.25,7.25,2.6
2018,2000,Da Nang,4004890,5,4,5,5.75,4.75,2.6
2018,2000,Da Nang,4004897,6.6,6.25,4,3.25,3.25,6.8
2018,2000,Da Nang,4004832,3.4,5.75,5.5,6.75,6.75,3.8
2018,2000,Da Nang,4004823,2.6,2.75,2.5,3.25,3,3.8
2018,2000,Da Nang,4004825,4.6,3,2.5,1,3.25,2.8
2018,2000,Da Nang,4004829,4.4,6.5,,,,2.4
2018,2000,Da Nang,4004840,4.4,4.25,3,3,3.75,2.8
2018,2000,Da Nang,4004848,3.2,5,,,,1.8
2018,2000,Da Nang,4004851,3,4,2.25,4.25,4,2
2018,2000,Da Nang,4005594,7,7.5,7.5,6.5,3,5.8
2018,2000,Da Nang,4005623,4.2,3.75,5.75,4.5,4.25,3.4
2018,2000,Da Nang,4005626,6,3.25,6.75,3.5,4.25,4.4
2018,2000,Da Nang,4005628,6,5.25,4.75,5.25,4.75,4
2018,2000,Da Nang,4005644,2.4,4,4.5,4.5,4.5,2.6
2018,2000,Da Nang,4005650,6,6,4.75,3.5,3,7
2018,2000,Da Nang,4005654,6.6,4.5,3.25,5.5,7,3.2
2018,2000,Da Nang,4005657,5.4,5.5,2.75,2,2.75,2.2
2018,2000,Da Nang,4005660,2.4,6,5.75,4.25,3.75,3.2
2018,2000,Da Nang,4005663,5,4.5,7,5.75,3.75,3.2
2018,2000,Da Nang,4005665,5.8,6,5,6.25,4,5.4
2018,2000,Da Nang,4005679,5.4,3.5,2.75,2.5,4,3.4
2018,2000,Da Nang,4005685,5.6,5,3,4.5,5.25,3.8
2018,2000,Da Nang,4004919,4,5.5,5,5.25,3.5,4
2018,2000,Da Nang,4004921,2.8,4,4.5,4.75,3.5,5.2
2018,2000,Da Nang,4004928,4.4,5,5.5,5.25,3.25,3.4
2018,2000,Da Nang,4004932,3.6,2.5,3,3,3,2.4
2018,2000,Da Nang,4004560,4,4,2,2.5,2.75,1.8
2018,2000,Da Nang,4004566,2.2,6.5,,,,3.4
2018,2000,Da Nang,4004567,4,3,,,,2.8
2018,2000,Da Nang,4004568,5.8,4.5,4,3,3,4.4
2018,2000,Da Nang,4004574,3.2,4.5,,,,3.2
2018,2000,Da Nang,4004580,4.4,5.5,,,,2
2018,2000,Da Nang,4004586,4,5.25,,,,2.4
2018,2000,Da Nang,4004663,2.6,2.5,,,,2.6
2018,2000,Da Nang,4005456,4.2,3.25,2.75,3.25,5.5,3
2018,2000,Da Nang,4005467,4.8,4,2.25,2.75,3.75,3
2018,2000,Da Nang,4005692,5.6,4.5,3.25,3.5,2.5,3.6
2018,2000,Da Nang,4005697,4.6,6,5.75,3,3.25,3.8
2018,2000,Da Nang,4005698,5,3.75,3,1.75,3.25,2.8
2018,2000,Da Nang,4005233,4,3.5,7.5,5.75,3.25,2.4
2018,2000,Da Nang,4005236,6.2,6.5,3.75,3.5,4.5,6.8
2018,2000,Da Nang,4005245,4.2,3.25,2.75,4,4.25,3.2
2018,2000,Da Nang,4004718,3,5.5,4.75,4.75,4,3.2
2018,2000,Da Nang,4004724,2.2,4,4,4.5,5.25,2.8
2018,2000,Da Nang,4004944,3.4,4,1.75,3.75,4.75,3.6
2018,2000,Da Nang,4004938,1.8,1.75,,,,2.8
2018,2000,Da Nang,4004946,3.8,4,,,,2.6
2018,2000,Da Nang,4004954,4.2,5.75,,,,4.2
2018,2000,Da Nang,4004949,6,6.5,2.75,3,3,4.4
2018,2000,Da Nang,4004965,2.8,4.5,2.75,3,2.5,2.8
2018,2000,Da Nang,4004967,3.4,5,3.25,2.5,4,2
2018,2000,Da Nang,4005548,4.6,3,2.25,1.25,2,2.6
2018,2000,Da Nang,4005554,4.4,4.5,,,,3.6
2018,2000,Da Nang,4005560,5.4,7.75,2.75,2.75,2,4.2
2018,2000,Da Nang,4005690,5,3.25,5.5,5.5,2.75,3.4
2018,2000,Da Nang,4005694,6.2,6,3.5,6.75,7,3.4
2018,2000,Da Nang,4005696,6.6,4.5,1.75,3.5,2.5,3.2
2018,2000,Da Nang,4005699,6.8,6,5.25,5.75,3.25,3.6
2018,2000,Da Nang,4005702,5.8,4.5,6.25,7.5,3.5,6
2018,2000,Da Nang,4005707,6.6,5.25,3.75,6.5,5.5,4.6
2018,2000,Da Nang,4005711,5.8,6,4.5,3.25,4.25,5.4
2018,2000,Da Nang,4005716,6.2,6,6.25,6,3.5,3.6
2018,2000,Da Nang,4005717,7,4.5,5.75,5.25,3.25,4
2018,2000,Da Nang,4005725,5.4,4.5,7,6.5,5.5,3.8
2018,2000,Da Nang,4005730,6.4,5.75,3,7.5,6.5,6.4
2018,2000,Da Nang,4005701,5.2,4,3.75,7.25,7.75,4
2018,2000,Da Nang,4005706,4.4,3,6.75,5.75,4.75,3.8
2018,2000,Da Nang,4004622,2.8,2.75,6,3.5,4,2.8
2018,2000,Da Nang,4004625,3.4,3,3.5,3.25,4.5,3
2018,2000,Da Nang,4004627,6.8,7.5,3.25,2.25,6,5
2018,2000,Da Nang,4004631,4.6,7,3,3.25,3,3
2018,2000,Da Nang,4004633,4.4,3.5,2.75,2.75,3.5,3
2018,2000,Da Nang,4004667,4.8,5,5,6,3.5,2.4
2018,2000,Da Nang,4004688,6.8,6.5,5,4.75,3,5.2
2018,2000,Da Nang,4004693,5,4.25,5,3.75,6,3.8
2018,2000,Da Nang,4004699,5.2,6.5,,,,2.6
2018,2000,Da Nang,4004730,2.4,4,7.5,7,5.5,2.8
2018,2000,Da Nang,4005112,5.2,3.75,2.5,3.25,4.5,3.8
2018,2000,Da Nang,4005124,3.6,5.5,2.5,3,5.25,3.4
2018,2000,Da Nang,4005748,4.4,3.5,1.75,3.75,5.25,2.6
2018,2000,Da Nang,4005762,5.2,4.5,5.75,5.25,6.25,4.8
2018,2000,Da Nang,4005773,6.6,4.75,6,6,4.5,3
2018,2000,Da Nang,4005787,5.4,6.25,1.25,4,3.5,3.8
2018,2000,Da Nang,4005792,6.4,6.25,4.5,4.75,3.5,3.4
2018,2000,Da Nang,4005793,8.6,5.25,7,7,5,6.4
2018,2000,Da Nang,4005803,3.6,4.25,4.5,6,3.75,2.8
2018,2000,Da Nang,4005807,6.8,7,3.5,5.25,5.25,8.4
2018,2000,Da Nang,4005810,7.2,6,7.25,7,5.5,3.8
2018,2000,Da Nang,4005823,4.6,4.25,4.75,2.5,3.5,2.8
2018,2000,Da Nang,4005248,3.2,4,4.25,5,4.25,2.4
2018,2000,Da Nang,4005254,3.6,4.25,6,3.75,5,3.4
2018,2000,Da Nang,4005289,5.6,4.75,6.25,6.75,4.25,5.4
2018,2000,Da Nang,4005827,3.8,4.5,3.5,3.25,4,1.4
2018,2000,Da Nang,4005830,3,3.25,4.75,4.25,3,2.2
2018,2000,Da Nang,4005836,5.6,5.25,4,4.25,4.25,4.6
2018,2000,Da Nang,4005848,6,5.75,1.5,3.5,3.25,4.6
2018,2000,Da Nang,4005851,6.4,4.5,2.75,2,3.25,4.6
2018,2000,Da Nang,4005853,4.2,2.25,4.25,4.5,3.25,2.8
2018,2000,Da Nang,4005857,6.8,3,6.25,6.75,4.75,3.2
2018,2000,Da Nang,4005860,6.4,5,5.5,5.25,1.75,4
2018,2000,Da Nang,4005872,7.2,8,2.75,2.25,4.25,5.4
2018,2000,Da Nang,4005884,3.6,3.5,5,6.5,7.25,0.8
2018,2000,Da Nang,4005890,4.8,2.5,5.75,7,5.25,2.2
2018,2000,Da Nang,4005893,5.8,4.25,4.25,5.25,5,5
2018,2000,Da Nang,4005894,5.4,6,1.5,3.25,3.75,4
2018,2000,Da Nang,4004727,3.4,1.5,4.5,5,3.75,2.6
2018,2000,Da Nang,4004709,4.8,4.5,3.5,4.5,4.5,3
2018,2000,Da Nang,4004719,6.2,6.5,5.75,5.75,4.25,3.4
2018,2000,Da Nang,4004731,3.2,5.5,2.5,2.5,2,2.8
2018,2000,Da Nang,4004738,6.4,6.75,4.75,5.25,3.5,6.6
2018,2000,Da Nang,4004748,4.6,5,5.5,5.5,7.5,1.6
2018,2000,Da Nang,4004733,3.8,5,1.75,3.5,3,2
2018,2000,Da Nang,4004790,2.6,4.25,6.5,6.25,5.5,2.2
2018,2000,Da Nang,4004815,5.2,4.5,3.25,3.75,5.25,1.6
2018,2000,Da Nang,4004773,6.6,5.25,2,3,3,4.4
2018,2000,Da Nang,4004788,6.2,5.75,2.25,2,4,3.4
2018,2000,Da Nang,4005330,2.2,1.75,4.75,5,4.5,2.8
2018,2000,Da Nang,4005348,5.2,7,5.75,5.25,3.5,5.6
2018,2000,Da Nang,4005367,3.4,5.75,7.25,5.75,4.5,3.2
2018,2000,Da Nang,4005381,3.6,3,,,,4.2
2018,2000,Da Nang,4010023,4.8,4,,,,4.8
2018,2000,Da Nang,4010026,4.6,3.25,,,,3
2018,2000,Da Nang,4010032,6.2,4.5,,,,5.8
2018,2000,Da Nang,4010037,5.6,7,5,4.5,4.5,4.6
2018,2000,Da Nang,4010041,6.2,5.75,4.75,2,3,5
2018,2000,Da Nang,4010044,6,6,4.75,6.25,4.25,5
2018,2000,Da Nang,4010055,5.8,5,4.5,4.5,5.25,3.6
2018,2000,Da Nang,4010061,4.2,3.75,5.5,6,3.5,6.2
2018,2000,Da Nang,4010068,7,3.75,6,6.75,4.75,4
2018,2000,Da Nang,4010073,6.6,3.5,5.5,5,3.75,4.2
2018,2000,Da Nang,4010074,6.8,4,3.75,4.25,2.5,4
2018,2000,Da Nang,4010075,7.4,3.25,5.25,6.25,5.25,2.4
2018,2000,Da Nang,4010081,6.2,4.5,2.75,7,6.75,4.6
2018,2000,Da Nang,4010086,5.4,5.75,6.25,7.5,3,5.2
2018,2000,Da Nang,4004623,7.6,4.25,6.25,6.75,1.5,4.6
2018,2000,Da Nang,4004630,5.4,5.5,5.5,5,4.25,2.8
2018,2000,Da Nang,4005001,5.8,6.25,6,5.5,5,3.4
2018,2000,Da Nang,4005006,5.6,7,5.5,5.5,3.5,5
2018,2000,Da Nang,4005015,4,5.25,,,,3.6
2018,2000,Da Nang,4005036,4,5.5,,,,2.8
2018,2000,Da Nang,4005056,3.8,4.25,,,,3.2
2018,2000,Da Nang,4005058,4,5,,,,3
2018,2000,Da Nang,4005061,4.6,4.25,,,,2.6
2018,2000,Da Nang,4005045,2.2,4.25,,,,2.6
2018,2000,Da Nang,4005049,4,5,,,,2.8
2018,2000,Da Nang,4005053,3.6,5.25,,,,2.8
2018,2000,Da Nang,4005062,2.4,4.25,,,,2.6
2018,2000,Da Nang,4005064,1.8,2.5,,,,3.2
2018,2000,Da Nang,4005066,3.6,4.5,,,,3.4
2018,2000,Da Nang,4005069,3.2,3.75,,,,2.6
2018,2000,Da Nang,4005071,2.8,3.25,,,,3.4
2018,2000,Da Nang,4005073,3.6,6.25,,,,5.4
2018,2000,Da Nang,4005077,5.2,7,,,,6.4
2018,2000,Da Nang,4005898,7.4,4.5,,,,4.2
2018,2000,Da Nang,4005913,5.8,6.5,,,,3.4
2018,2000,Da Nang,4005918,5.8,2.25,,,,2.4
2018,2000,Da Nang,4005928,4.2,2,8,7.75,4.75,2.4
2018,2000,Da Nang,4005937,4.2,3.5,4.75,5.5,4.75,2.6
2018,2000,Da Nang,4005317,5.2,2.25,4,4,2.5,2.8
2018,2000,Da Nang,4005312,5.6,6.75,3.25,4.75,3.25,4.6
2018,2000,Da Nang,4005313,5.2,8,3.75,3.25,3.75,4.6
2018,2000,Da Nang,4004690,4.8,2.75,4.75,5,4.25,4.8
2018,2000,Da Nang,4004692,6.4,5.75,3,2.75,3.75,3.6
2018,2000,Da Nang,4004694,4.4,2,3.25,3.5,5.25,3
2018,2000,Da Nang,4004696,3.8,5.75,3,3.25,2.25,4
2018,2000,Da Nang,4004711,4.4,5.25,4.5,5.75,3.75,2.8
2018,2000,Da Nang,4004659,2,2.5,3.5,4.5,5.5,2.8
2018,2000,Da Nang,4004649,5.2,4,5.25,5.5,5.25,3.2
2018,2000,Da Nang,4004652,5.2,4.25,,,,1.6
2018,2000,Da Nang,4004655,3.4,2.25,3.25,3.5,3,2.4
2018,2000,Da Nang,4004657,4.6,2.5,,,,3
2018,2000,Da Nang,4004662,2.8,2.25,3.25,5,5.25,4.4
2018,2000,Da Nang,4004637,6,4,,,,2.2
2018,2000,Da Nang,4004680,3,4,3.75,3.5,4.5,3.2
2018,2000,Da Nang,4005078,4.6,6,3,4.5,4.5,2.4
2018,2000,Da Nang,4005075,4,2.75,,,,2.2
2018,2000,Da Nang,4005082,3.4,2.5,1.5,1.5,3.25,1.2
2018,2000,Da Nang,4004911,4.8,5.5,2.75,3,3.5,4.8
2018,2000,Da Nang,4004913,2.6,4,4,3.75,3,3
2018,2000,Da Nang,4004915,5.4,4.75,3.75,3.75,3.75,2.6
2018,2000,Da Nang,4004920,5.2,6,2.5,2,4,3
2018,2000,Da Nang,4005114,4.2,2.5,3.5,4.25,2.5,2
2018,2000,Da Nang,4005117,4.8,2.75,5,3.5,5.5,3.6
2018,2000,Da Nang,4005858,7.2,5.25,4.25,3.5,2.5,4.4
2018,2000,Da Nang,4005861,3.8,5,4.25,3,4.25,2.2
2018,2000,Da Nang,4005873,4.4,5.25,7,3.25,3.5,2.8
2018,2000,Da Nang,4005952,6.2,4,6.25,5.75,4.5,5
2018,2000,Da Nang,4005957,1.6,3.25,3.5,2.75,3.75,2.2
2018,1999,Da Nang,4005962,5.6,6.25,4.5,4,6,8
2018,1998,Da Nang,4005968,5.8,4.5,7.25,2.75,3,4
2018,2000,Da Nang,4005979,5.6,4,3.25,2.5,2.5,6.8
2018,2000,Da Nang,4005982,5.2,4.25,5.25,3.75,5.75,4.2
2018,2000,Da Nang,4005985,5.6,2.75,5.25,5,3.5,3.8
2018,2000,Da Nang,4005988,5.4,6.25,2.75,3.25,4.25,3.6
2018,2000,Da Nang,4005991,5.4,6,2.75,3,4,3.4
2018,2000,Da Nang,4005996,2.6,3.75,4.25,5.5,4.25,3
2018,2000,Da Nang,4006004,6,3,4.75,5.75,3.75,2.6
2018,2000,Da Nang,4006009,3.4,5,3.25,2.75,3.5,2.6
2018,2000,Da Nang,4006015,5.6,4.75,3.5,2,3.25,3
2018,2000,Da Nang,4006022,6.8,4.5,5.75,5.25,3,4.4
2018,2000,Da Nang,4006051,5.4,2.75,2.5,2.75,5,3
2018,2000,Da Nang,4004732,5.2,8.5,4.75,4,6.25,2.8
2018,2000,Da Nang,4004714,3.8,3.75,5.5,6.5,4.25,3.6
2018,2000,Da Nang,4004722,4,2.75,4.25,3,4,2.8
2018,2000,Da Nang,4004717,4.4,5.25,2.75,3.25,4,3
2018,2000,Da Nang,4004753,5.6,6.5,,,,2.8
2018,2000,Da Nang,4004740,2,3.5,4.5,6.5,5.5,2.8
2018,2000,Da Nang,4004742,3.8,5,,,,3.8
2018,2000,Da Nang,4004745,2.8,1.5,3,4.75,3.5,2.4
2018,2000,Da Nang,4004924,5.2,6.5,1.75,4.5,5,1.4
2018,2000,Da Nang,4004899,5.4,4.25,,,,2.2
2018,2000,Da Nang,4004900,4.2,3.25,5.5,5,5,4
2018,2000,Da Nang,4004903,2.8,4,5,5.75,6.25,2.6
2018,2000,Da Nang,4004933,6.6,5,2,3,3.75,3.8
2018,2000,Da Nang,4004872,3,3.5,3.25,1.5,3.75,3
2018,2000,Da Nang,4004874,5.8,6.25,5.25,5,4.25,2.8
2018,2000,Da Nang,4004875,2.4,3.75,5.25,3.75,3.5,1.4
2018,2000,Da Nang,4005876,5,4.25,2.25,2.25,3.75,5.8
2018,2000,Da Nang,4005879,5.4,2.75,5.5,5.5,3.75,2.4
2018,2000,Da Nang,4005885,4.2,5.25,2.25,1.5,4,3
2018,2000,Da Nang,4005889,6.8,5.25,3.75,2.75,2.75,2.6
2018,2000,Da Nang,4005892,3.6,5,4,6,5.75,3.8
2018,2000,Da Nang,4005895,6,4.25,2.25,2.75,5,3.2
2018,2000,Da Nang,4005896,6.2,5,5.25,7,5,3.6
2018,2000,Da Nang,4005897,4.4,4,3,3,3.25,3
2018,2000,Da Nang,4005899,7.6,5,2.75,5.75,6.75,3
2018,2000,Da Nang,4005914,5.4,5.5,4,5,6.25,4.8
2018,2000,Da Nang,4005919,3,2.25,3.25,2.25,3.5,2.8
2018,2000,Da Nang,4005929,6,5.75,7,6.5,4.5,8.2
2018,2000,Da Nang,4005934,7,4.75,3.5,6.25,3.5,7.8
2018,2000,Da Nang,4005939,4.8,4,2.25,2.5,2.25,3.6
2018,2000,Da Nang,4005946,4.8,4.75,4.75,3.5,5.25,5.4
2018,2000,Da Nang,4006056,7.4,7,6.25,6,5.5,4.2
2018,2000,Da Nang,4005364,4,4.25,3.75,4.5,3,3.2
2018,2000,Da Nang,4005366,4.2,5,4,7,7,3.4
2018,2000,Da Nang,4005374,3.6,4.75,6.25,7,5,2
2018,2000,Da Nang,4006011,4.8,2.25,5.25,6.25,2.75,3.8
2018,2000,Da Nang,4006014,5,3.75,3.25,4,6.75,2.2
2018,2000,Da Nang,4006017,5,4,3.75,4.75,3.5,1.2
2018,2000,Da Nang,4004604,4,4,3.75,6,2.25,1.4
2018,2000,Da Nang,4004613,4,3.5,4.75,5.5,4,2.4
2018,2000,Da Nang,4004614,5.6,4.5,2.25,3.5,2.25,2.6
2018,2000,Da Nang,4004617,4.2,3.25,1.5,2.25,4.25,2
2018,2000,Da Nang,4005084,2.8,3.75,3.25,3.75,2.5,1.4
2018,2000,Da Nang,4005099,4.4,3.5,2.75,4.25,3.75,3
2018,2000,Da Nang,4005120,4,2.5,2.5,2.75,3.5,2.4
2018,2000,Da Nang,4004901,5.2,5,2.75,2.5,3.5,2.2
2018,2000,Da Nang,4004905,2.6,4.5,2.25,4.25,5.5,2.8
2018,2000,Da Nang,4004914,4.4,5.75,2.25,3.5,5,2.6
2018,2000,Da Nang,4004918,7.6,7.25,4.25,4.5,4.5,3.6
2018,2000,Da Nang,4004948,4.6,1.75,2.25,3,4.25,2.8
2018,2000,Da Nang,4004943,3.2,1.75,2.5,4.25,3.25,2.8
2018,2000,Da Nang,4004923,6.8,6,7,7.75,4.25,6.6
2018,2000,Da Nang,4004953,5.8,6.5,2.75,3,3.25,2.6
2018,2000,Da Nang,4004978,3.8,3.25,2.25,3.25,2.25,2.4
2018,2000,Da Nang,4004955,3.8,3,2.25,3.75,3,2.6
2018,2000,Da Nang,4005954,5.4,5,3.5,4.25,2.5,6.2
2018,2000,Da Nang,4005161,3.6,3.25,2.5,3.25,3.25,3
2018,2000,Da Nang,4005163,4.2,4.5,3.25,3.5,4.5,1.8
2018,2000,Da Nang,4005165,3.6,5,4.5,4.25,4,2.6
2018,2000,Da Nang,4006042,5.8,3.25,5.5,6,4.5,5.8
2018,2000,Da Nang,4006045,7.2,6.5,6.25,4.75,2.25,5
2018,2000,Da Nang,4006047,7.4,6,6.25,4.75,2.5,2
2018,2000,Da Nang,4005586,5,4.75,5,4.75,4.5,4.6
2018,2000,Da Nang,4005616,8.4,6,4.5,6.75,6.75,8
2018,2000,Da Nang,4005618,5.8,5,7,8,5.5,3.4
2018,2000,Da Nang,4005620,6.4,5.5,7,6.75,3,4.8
2018,2000,Da Nang,4005622,6.8,5.5,7.75,6.75,5.5,2.8
2018,2000,Da Nang,4005630,6.2,4,3,4.75,5,1.8
2018,2000,Da Nang,4005632,3.6,7,5.5,4,4.5,2.2
2018,2000,Da Nang,4005634,6.6,5.5,4,7,7,5
2018,2000,Da Nang,4005636,6.6,5,4,4.5,4,3.2
2018,2000,Da Nang,4005638,5.2,6,4,3.5,4.5,3.6
2018,2000,Da Nang,4005624,5.8,5.25,6.75,6.25,4.5,3.2
2018,2000,Da Nang,4004791,2.4,4,3.75,4.25,2.25,3.6
2018,2000,Da Nang,4004794,3.4,3.5,4.25,5.25,2.75,2
2018,2000,Da Nang,4004797,5.2,4.25,5,5.25,4.5,3.2
2018,2000,Da Nang,4004668,5.6,4.5,3.75,4.25,5.5,3.8
2018,2000,Da Nang,4004682,2.8,3.5,3.25,3,4,2.2
2018,2000,Da Nang,4005223,2.6,2.5,2.25,3.25,3.75,3.2
2018,2000,Da Nang,4005563,5.6,6.5,2.5,3.5,2.75,3.2
2018,2000,Da Nang,4005002,7.2,5.25,1,1,4.5,4.6
2018,2000,Da Nang,4005726,6.4,5.75,2.75,3.25,3,4.4
2018,2000,Da Nang,4005746,5.6,4.75,3,5,3,3.8
2018,2000,Da Nang,4005749,6.2,6.75,6,5,3.25,6.4
2018,2000,Da Nang,4005751,5.4,7,5,4.25,3,5.2
2018,2000,Da Nang,4005754,5.8,2.5,4.5,3,5,2.6
2018,2000,Da Nang,4005758,6.2,3.75,7,5,4.25,6.4
2018,2000,Da Nang,4005761,5.2,3.5,7,6,6.25,2.4
2018,2000,Da Nang,4005763,6.2,6,6,6.75,5.5,4
2018,2000,Da Nang,4005774,4.6,6,4.5,3.25,3,2.6
2018,2000,Da Nang,4005784,4,5.5,2.75,2.75,4,4.2
2018,2000,Da Nang,4005819,6,3.5,6.25,7.5,4,2.6
2018,2000,Da Nang,4005822,6.2,3.75,3.75,4.5,3.75,2.2
2018,2000,Da Nang,4005825,6.4,5.25,4.25,4,3.75,4.6
2018,2000,Da Nang,4008495,5.2,5.5,4.5,3,3,4.6
2018,2000,Da Nang,4008497,5.6,7,4.75,5.5,2.25,4.6
2018,2000,Da Nang,4008499,7.8,6,5.25,3.25,4.25,4.8
2018,2000,Da Nang,4008501,7,4,7.25,6.25,3.75,4.8
2018,2000,Da Nang,4008503,6.2,2.5,4,4.25,3.75,4
2018,2000,Da Nang,4008505,7.8,4,7.25,9,4,4
2018,2000,Da Nang,4007982,6.8,5,7.5,8.5,3.5,5.8
2018,2000,Da Nang,4007987,6,6.25,6,6.5,2.75,7.4
2018,2000,Da Nang,4007988,6.2,6.75,7.5,7.5,3,6.6
2018,2000,Da Nang,4007989,7.4,7,7,5.5,4,6.2
2018,2000,Da Nang,4007990,5.6,6,5.75,4.75,5.5,7.4
2018,2000,Da Nang,4008005,7.2,6,5.75,6.5,2,7.2
2018,2000,Da Nang,4008008,5.6,6,5.5,4.75,4.75,6.4
2018,2000,Da Nang,4008011,6.8,6.5,7.25,6,3.5,4.8
2018,2000,Da Nang,4008013,6.2,7.25,3.25,7.5,3.25,6.8
2018,2000,Da Nang,4008016,6,3.5,6.25,5.75,5.75,4.8
2018,2000,Da Nang,4008030,5,6,7.5,6,7.75,4.2
2018,2000,Da Nang,4007580,6,5,3.5,7.5,4.5,4.2
2018,2000,Da Nang,4007582,5.4,6.5,5.5,7.5,6,3.8
2018,2000,Da Nang,4007586,5.6,4.5,5.5,6.5,4.25,5.6
2018,2000,Da Nang,4007590,7,3.25,4.75,6.25,2.25,4.4
2018,2000,Da Nang,4007595,5.2,4.5,4.25,3.25,5.25,6
2018,2000,Da Nang,4007598,5.8,6.75,3.25,7.5,7.75,6
2018,2000,Da Nang,4008337,6.6,3.5,5.75,6.5,4,5.6
2018,2000,Da Nang,4008342,6.8,4.25,8.5,7.25,5.75,2
2018,2000,Da Nang,4008348,6.8,6,4,5.5,3,5.8
2018,2000,Da Nang,4008393,6.8,6.75,7.25,6.75,3.75,6.6
2018,2000,Da Nang,4008395,5.8,4.75,4.75,6.5,3.5,8.8
2018,2000,Da Nang,4008406,6.4,5.25,7.5,6.25,4.25,7.4
2018,2000,Da Nang,4008419,5.8,6.5,7.25,3,3.75,6.2
2018,2000,Da Nang,4008424,6.6,6.5,5.5,5.25,3,7.2
2018,2000,Da Nang,4008433,6.6,5.25,7.5,4.25,4.25,7.6
2018,2000,Da Nang,4008445,6.8,3.5,6,6.75,3.5,8.6
2018,2000,Da Nang,4008451,6.8,4.5,7.25,7,4.75,3.2
2018,2000,Da Nang,4002314,2.6,5,7,4.5,3.25,2
2018,2000,Da Nang,4002317,6.6,6.5,6,4.5,4.75,
2018,2000,Da Nang,4002319,5,7,4.25,8.75,7.75,3.6
2018,2000,Da Nang,4002322,6.6,4.75,2.5,5.25,3.25,
2018,2000,Da Nang,4002324,5.2,5.5,,,,
2018,2000,Da Nang,4002325,4.8,3,3,5.75,2.75,3
2018,2000,Da Nang,4002327,3.4,5.25,7,7.25,3,
2018,2000,Da Nang,4002330,4,4,,,,2.8
2018,2000,Da Nang,4002333,4.8,4.5,3.25,2.5,3.5,3.2
2018,2000,Da Nang,4002335,3.8,4.75,4.25,6.5,3.5,2.8
2018,2000,Da Nang,4002338,6.2,6.75,3,4,3,
2018,2000,Da Nang,4002341,5,5,3.25,6,2.25,3.6
2018,2000,Da Nang,4002348,5,3.25,3,5.5,5.75,2.4
2018,2000,Da Nang,4002365,6.6,4,,,,5.4
2018,2000,Da Nang,4002641,3,5.5,4.75,5,4,3
2018,2000,Da Nang,4002860,4.6,5,4,3.5,4.75,4.8
2018,2000,Da Nang,4002864,4.2,4.5,5,3.25,3.5,3.8
2018,2000,Da Nang,4008549,5.2,4.75,6.5,6.25,5.25,8.2
2018,2000,Da Nang,4008144,6.4,6.25,3.25,7.25,8,6
2018,2000,Da Nang,4008146,7,7.5,5,2.5,3.25,7.8
2018,2000,Da Nang,4008739,7.4,9,8.25,4,4.25,9.2
2018,2000,Da Nang,4000467,5.8,6.25,4,2,3.25,4.6
2018,2000,Da Nang,4000469,5.2,3.5,2.5,4.25,3.25,5.4
2018,2000,Da Nang,4000486,5,4,4.5,5.25,3,3.8
2018,2000,Da Nang,4000490,6.4,5.5,3.75,6.75,4,3.4
2018,2000,Da Nang,4000492,5.6,5.75,4,5.75,3,5.8
2018,2000,Da Nang,4000484,6.8,7.25,4.5,2.75,3,7
2018,2000,Da Nang,4000488,5.4,3.5,3.75,3.75,3.75,3
2018,2000,Da Nang,4000495,6.6,6.75,6.25,5.5,3,4.6
2018,2000,Da Nang,4000500,5.4,6.5,3.5,4.75,7.75,2.4
2018,2000,Da Nang,4000514,5.6,4.25,5.75,3.75,5.75,3.2
2018,2000,Da Nang,4000870,2,2,5.75,6.5,3.5,
2018,2000,Da Nang,4000888,2.2,2.5,4,5.5,6,
2018,2000,Da Nang,4000904,2.6,2.75,4.5,5,4,
2018,2000,Da Nang,4002375,5,5.5,6.75,5,5.25,4.8
2018,2000,Da Nang,4002391,6.8,5,6,5.75,5.25,4.4
2018,2000,Da Nang,4002392,6.8,4.5,5.5,5.5,4,3.2
2018,2000,Da Nang,4002371,5.2,6.75,3.25,3.25,2.75,5.2
2018,2000,Da Nang,4002379,4.6,5,5,5.25,4.25,3.2
2018,2000,Da Nang,4002381,7,4,6.5,7,5.75,3
2018,2000,Da Nang,4002383,6.8,3,4.75,7.25,6.25,3.6
2018,2000,Da Nang,4002385,4.8,3.5,4.75,4.25,2.75,6
2018,2000,Da Nang,4002786,5.6,7.75,7,7.75,2.75,5
2018,2000,Da Nang,4002790,4.4,5.5,6.75,8.75,4.25,5.8
2018,2000,Da Nang,4002808,6,7.5,3.75,2.5,4.75,5.6
2018,2000,Da Nang,4000332,5,6.5,6.25,5.75,3.5,4
2018,2000,Da Nang,4000343,7.6,4.5,3.5,2.25,3.5,4.6
2018,2000,Da Nang,4000884,7.2,6.75,4,4.25,4.5,6
2018,2000,Da Nang,4000899,8,7,2.75,3,5.5,4.8
2018,2000,Da Nang,4000913,4.4,7.5,7,5.5,6,5.2
2018,2000,Da Nang,4000943,7.2,6.5,6.25,5.25,6.5,8.6
2018,2000,Da Nang,4000947,7.8,4,7.75,7.75,5,8.2
2018,2000,Da Nang,4003249,4,3.25,,,,4
2018,2000,Da Nang,4008846,5.2,7.75,7.25,7,5.25,5.8
2018,2000,Da Nang,4008850,6.2,7.5,7.25,4.75,5.25,5.4
2018,2000,Da Nang,4008866,6.8,7.5,2.5,3,3.25,6.8
2018,2000,Da Nang,4008582,5.4,8,7.75,7.5,3.75,7.6
2018,2000,Da Nang,4003133,4,4.25,2.25,2.25,3,2.2
2018,2000,Da Nang,4003017,3,4,5.75,4.5,3.25,2
2018,2000,Da Nang,4003053,4.2,5.25,4.75,4.25,4.5,3
2018,2000,Da Nang,4003152,2.8,5.5,2.75,3,2.75,1.4
2018,2000,Da Nang,4003136,6,5,3.5,2.5,3.5,4.6
2018,2000,Da Nang,4003174,5.6,3.5,2.5,1.5,5.25,3.4
2018,2000,Da Nang,4008738,7,8,3.5,4.25,4.75,
2018,2000,Da Nang,4008754,5.4,7.5,4.25,3.25,3.5,5.4
2018,2000,Da Nang,4008756,1.6,3,5.75,3.25,4.5,1.6
2018,2000,Da Nang,4000464,5.2,4,4,4.75,5,3.4
2018,2000,Da Nang,4000466,6,4.75,4.5,3,4,3
2018,2000,Da Nang,4000496,4,6.5,6,4.75,4.5,4.2
2018,2000,Da Nang,4000505,3.4,3.25,3.5,4.5,4,1.6
2018,2000,Da Nang,4000524,4.8,3.25,5.25,4,3.25,1.8
2018,2000,Da Nang,4000738,6.8,5.5,4,4.75,4.25,3.6
2018,2000,Da Nang,4000741,8.4,6,4.5,3.75,6,8.6
2018,2000,Da Nang,4001396,4.2,3.5,8.5,5.75,5.75,3.8
2018,2000,Da Nang,4001502,3,3.5,6.25,6.5,3,2.2
2018,2000,Da Nang,4001526,3.2,5,7,10,6.25,2.8
2018,2000,Da Nang,4003833,5.8,5.75,6.25,5.25,6.25,5.4
2018,2000,Da Nang,4003801,6,3.5,7.25,3.75,4,5.2
2018,2000,Da Nang,4003803,6,4.75,6.75,4.5,4,3.2
2018,2000,Da Nang,4003822,6.8,5.75,7.5,5,6.5,4.4
2018,2000,Da Nang,4003847,7,5.5,4.75,5.25,3,4.2
2018,2000,Da Nang,4003871,5.4,5,5.5,4.5,3.5,3.4
2018,2000,Da Nang,4003875,5,5,2.75,7.25,7,3.8
2018,2000,Da Nang,4003838,5.6,5.5,6.25,7.5,4.75,5
2018,2000,Da Nang,4004232,6,5.5,4.75,6.75,5.25,2.4
2018,2000,Da Nang,4004234,3,1.5,4.25,4.5,5,2.6
2018,2000,Da Nang,4004242,4.8,3.5,4,5,3,2.4
2018,2000,Da Nang,4004248,6,6.5,4,5,4.5,3.8
2018,2000,Da Nang,4004255,6.2,3.5,,,,4.2
2018,2000,Da Nang,4004259,3.6,4.5,3.75,3,2,3
2018,2000,Da Nang,4010197,6.4,4.75,7.25,6.5,5,6.4
2018,2000,Da Nang,4010201,5.2,4.75,3.75,4.25,6.25,3.2
2018,2000,Da Nang,4010178,6.2,4.5,2.25,3.25,3.25,3.2
2018,2000,Da Nang,4010180,4.8,2.5,5.5,3.5,3.5,9
2018,2000,Da Nang,4010182,6.4,4.75,3.25,5,5.75,4
2018,2000,Da Nang,4010184,7,5,5,3.5,3.25,3.8
2018,2000,Da Nang,4010186,6,4.5,2.5,4.25,2.25,3.6
2018,2000,Da Nang,4010190,5.8,3.25,3.5,6,7.25,3.4
2018,2000,Da Nang,4010192,5.2,3.75,4.5,7.25,3.5,4
2018,2000,Da Nang,4010205,6,5.5,7,6.75,5.5,5.2
2018,2000,Da Nang,4010241,5,5,3.5,5.25,4,4
2018,2000,Da Nang,4010243,5.4,3,2.5,2.75,3.5,5.4
2018,2000,Da Nang,4010246,7.2,4,6.25,6.75,3.5,2.6
2018,2000,Da Nang,4010255,5.6,3.75,3.5,4.5,3.75,4.4
2018,2000,Da Nang,4010257,7.2,4.75,6,4,3.75,5.6
2018,2000,Da Nang,4010259,5.6,3,5.75,6.5,4.5,3.4
2018,2000,Da Nang,4010261,5.2,4,5,3,3.5,3.6
2018,2000,Da Nang,4009680,6.8,4.5,7,8.25,4.5,6
2018,2000,Da Nang,4009683,7,7,4,3.5,4.5,5.8
2018,2000,Da Nang,4009695,5.6,3.75,5.5,5.25,2.75,2.8
2018,2000,Da Nang,4009675,6.2,6,5.75,7,3.5,6.6
2018,2000,Da Nang,4009691,5.6,4,7.5,7.25,4.25,5.8
2018,2000,Da Nang,4009697,5.2,2.75,5.75,4.5,3.25,1.8
2018,2000,Da Nang,4009699,6.2,4,6.25,5.75,4,6
2018,2000,Da Nang,4009701,7.6,3,6,3.5,2.25,6.6
2018,2000,Da Nang,4009703,6.8,2.25,2.75,5.5,3,6.4
2018,2000,Da Nang,4009705,5.6,4,6.25,7.5,4,4.4
2018,2000,Da Nang,4009707,6.8,5.25,7.5,4.25,5,5.2
2018,2000,Da Nang,4009709,4.6,2,5.75,6.75,4.25,4.6
2018,2000,Da Nang,4009711,5.4,4,5.5,6.25,3.75,4.8
2018,2000,Da Nang,4009713,5,5,5,7.5,3.75,5.4
2018,2000,Da Nang,4009715,5.2,3.75,3,4.25,2.5,4.4
2018,2000,Da Nang,4009724,5.6,4.25,6.25,5,3,2.4
2018,2000,Da Nang,4009717,6.6,4,5,3.75,3,5.6
2018,2000,Da Nang,4006434,3.4,5,3,5.5,6,3.2
2018,2000,Da Nang,4006439,4.4,4.5,6,6,3.5,3
2018,2000,Da Nang,4006442,3.8,5,5.25,5.25,2,4.2
2018,2000,Da Nang,4006469,6,6,3.75,4,2.75,3.6
2018,2000,Da Nang,4006470,6,6,,,,3.6
2018,2000,Da Nang,4006485,2.8,2.5,,,,1.8
2018,2000,Da Nang,4005875,6.4,6,5.25,4.25,4.25,5
2018,2000,Da Nang,4005877,5.2,5,5,5.25,4.25,3.2
2018,2000,Da Nang,4005863,5.2,4.25,3,3.5,5,3.8
2018,2000,Da Nang,4005866,6.6,5.75,6.75,2.5,3.5,4.4
2018,2000,Da Nang,4005869,6,5,5,4.75,3,3.4
2018,2000,Da Nang,4005902,3.8,4.25,3.5,4.75,5.5,3.8
2018,2000,Da Nang,4005881,6.4,5.25,7,6.25,5.5,3.8
2018,2000,Da Nang,4005883,3.8,5.75,4.75,4.25,4.5,2.8
2018,2000,Da Nang,4005887,6,4,3.25,2.75,2.5,2.4
2018,2000,Da Nang,4005891,7,5,6.5,5.5,3.25,3.2
2018,2000,Da Nang,4006487,5.4,6,2.5,4.25,2.75,4.2
2018,2000,Da Nang,4008035,5.4,3.75,5,4.25,3.25,6
2018,2000,Da Nang,4008047,5,7.75,6.25,5.75,2.75,5
2018,2000,Da Nang,4008052,5.8,6.5,4,3.25,3.5,6
2018,2000,Da Nang,4008056,7,5.25,4.5,2.5,5,4.2
2018,2000,Da Nang,4008074,7.8,7,1.75,3.25,4.5,6.4
2018,2000,Da Nang,4008077,5.2,6.5,6.5,5.5,4.25,7
2018,2000,Da Nang,4008079,6,5,6.25,6.25,2.75,6.2
2018,2000,Da Nang,4008083,7.2,4.25,6.75,3.25,3,7.6
2018,2000,Da Nang,4008089,7,4.25,3.75,5.75,3.5,2.6
2018,2000,Da Nang,4008093,6.8,6,5,4.75,4.5,5.6
2018,2000,Da Nang,4007957,5.6,6.75,7.75,6,6.5,6.8
2018,2000,Da Nang,4007964,6.2,4,4.5,8.75,6,3.6
2018,2000,Da Nang,4007970,6.4,6,6.25,4.5,5,7.8
2018,2000,Da Nang,4007973,6.4,6.25,6.75,8.5,5.75,3.8
2018,2000,Da Nang,4007992,5,5.25,6.25,6.75,4.25,5.4
2018,2000,Da Nang,4007994,5.6,5,7.25,4,5.5,7.2
2018,2000,Da Nang,4007597,7.4,7,6.25,6.75,4.75,5
2018,2000,Da Nang,4007609,8,5.25,5,3.25,4.25,8.2
2018,2000,Da Nang,4007615,7.8,6,4,3,4,8.6
2018,2000,Da Nang,4007626,6.8,6,7.25,6.5,3.25,4
2018,2000,Da Nang,4007628,5.4,5.25,7.75,4,5,5.8
2018,2000,Da Nang,4007630,5.6,6,8.25,3.75,5.25,6.8
2018,2000,Da Nang,4007638,5,6.25,4.75,6.5,3,4.6
2018,2000,Da Nang,4007617,7.2,5.5,5,3.75,3.75,5.4
2018,2000,Da Nang,4007619,6.8,4.5,6.25,5.75,5.25,6.2
2018,2000,Da Nang,4007640,8.2,4.75,6,3.5,4,7.2
2018,2000,Da Nang,4007646,6.4,3.75,6.5,7.25,5,7
2018,2000,Da Nang,4008463,5.2,4.5,6.5,6.25,4,7
2018,2000,Da Nang,4008484,7.8,8.5,6.75,5.5,3.25,9
2018,2000,Da Nang,4008486,5.2,4,4.75,6.75,5.5,5
2018,2000,Da Nang,4008510,4.4,5.5,5.75,3,3.75,3.6
2018,2000,Da Nang,4008513,7,5.75,5.75,5,6.25,7.4
2018,2000,Da Nang,4008526,7.8,7.25,2.25,5,7.5,8.6
2018,2000,Da Nang,4002647,3.4,5.25,4.75,4.5,6.5,2.4
2018,2000,Da Nang,4002658,4.6,6.25,6.5,3.75,3.75,4.4
2018,2000,Da Nang,4002661,4,5.5,7.75,3.75,5,3.6
2018,2000,Da Nang,4003267,3.8,2.75,5.5,5.5,5.75,3.4
2018,2000,Da Nang,4003271,4,5,4.75,4.25,4.5,3.2
2018,2000,Da Nang,4003288,5.4,5.5,5.25,6.25,3,4
2018,2000,Da Nang,4003294,4.4,4.25,3.75,3.5,4,3.2
2018,2000,Da Nang,4003308,6.2,5,3.25,3.25,4.25,1.8
2018,2000,Da Nang,4003315,4.2,3.5,5.75,4.25,3,4
2018,2000,Da Nang,4003297,4.8,5.5,4.5,2.75,5,4.8
2018,2000,Da Nang,4003306,7,6.5,6.5,6,4,2.6
2018,2000,Da Nang,4008772,5.6,7.25,4,2,3.25,
2018,2000,Da Nang,4008782,5.4,6,4,1.75,3.25,4.6
2018,2000,Da Nang,4008785,4.4,5,3.25,3.75,3.75,6.4
2018,2000,Da Nang,4001453,5.2,5.5,2.5,4,4,4.4
2018,2000,Da Nang,4001454,3.2,2.25,2.75,4.5,4.5,2.4
2018,2000,Da Nang,4003100,5.2,4.5,3.5,3.5,3.75,4
2018,2000,Da Nang,4003105,5.6,2.75,4.75,8.5,7.75,2.6
2018,2000,Da Nang,4003107,5.2,5.5,4.25,4,4.25,2.2
2018,2000,Da Nang,4000952,6.6,4,3.75,3.25,3.75,5.2
2018,2000,Da Nang,4000960,7.6,5,4.25,5,4,
2018,2000,Da Nang,4000971,6.2,7,3.25,4,4.75,4.8
2018,2000,Da Nang,4000974,8,7.5,2.5,7.25,8,9.2
2018,2000,Da Nang,4000977,5.2,7,2.5,6.75,7.5,5.2
2018,2000,Da Nang,4000986,6.4,4,6,5.25,7.75,9.2
2018,2000,Da Nang,4000991,7.8,6,8.25,5,3,6.6
2018,2000,Da Nang,4000606,7,8.25,3,6.25,7.75,9.8
2018,2000,Da Nang,4000613,6.4,5,6.75,3.5,3.5,6
2018,2000,Da Nang,4000623,5.2,6.75,4.75,6,7.25,9.2
2018,2000,Da Nang,4000753,7.2,6.75,5.25,5.75,4.75,8.2
2018,2000,Da Nang,4000756,6.4,6.25,6.5,6,5,
2018,2000,Da Nang,4000728,7.6,5,4.75,4.5,2.75,9
2018,2000,Da Nang,4000735,7.6,5,6,7.5,7,4.8
2018,2000,Da Nang,4000744,8,6.5,5,3.5,5.25,3.8
2018,2000,Da Nang,4000747,6.6,5,7.75,4.25,4.5,8.2
2018,2000,Da Nang,4000772,6.6,7,3.5,7.75,7.25,7.2
2018,2000,Da Nang,4001047,4.2,5,8,8.25,3,3.8
2018,2000,Da Nang,4001063,5.2,8,5.5,3.75,4.75,4.2
2018,2000,Da Nang,4001124,3.4,4.25,4,7.5,8.25,3.2
2018,2000,Da Nang,4001979,7,5,7,7.25,4,7.6
2018,2000,Da Nang,4001985,4.4,3.75,6.75,6.75,3,4.4
2018,2000,Da Nang,4002403,7.6,3,7.75,6.25,3.75,2.6
2018,2000,Da Nang,4002409,5.8,6.75,6.25,2.75,3.5,6.6
2018,2000,Da Nang,4002415,5.2,4.25,3.75,4.5,3.25,5.4
2018,2000,Da Nang,4002438,5,3.75,6.5,5.25,4.75,3
2018,2000,Da Nang,4002449,7.4,5,4.25,4.25,4,5.2
2018,2000,Da Nang,4002461,6.2,5,3.5,3.75,4.75,3.2
2018,2000,Da Nang,4002488,5.2,3.5,4.5,4.75,4.5,3.2
2018,2000,Da Nang,4002508,6,5,6,6.25,3.75,3.4
2018,2000,Da Nang,4002969,5.6,4.5,5.75,4.5,4.75,4.4
2018,2000,Da Nang,4002971,3.2,1.75,4.25,4.75,2.75,3.2
2018,2000,Da Nang,4002983,4.4,2.25,4.5,4,3.5,2.8
2018,2000,Da Nang,4004527,3.8,4,2.5,3.5,3.75,2.8
2018,2000,Da Nang,4004530,3,4.5,3.75,3.25,4,3.2
2018,2000,Da Nang,4010265,5.6,4.5,3.25,3.25,4.25,5.6
2018,2000,Da Nang,4010267,7.2,3.75,2.5,2.5,2.5,3.4
2018,2000,Da Nang,4010269,4.8,5.25,2.75,2.25,1.5,2
2018,2000,Da Nang,4010273,5.4,4,5.25,6,4,5.2
2018,2000,Da Nang,4010250,5.4,5,5.5,6,3,2.6
2018,2000,Da Nang,4010252,6.2,4.75,3.75,3.5,3.75,4.6
2018,2000,Da Nang,4010286,5.6,6.25,4,3.5,6.25,3.2
2018,2000,Da Nang,4010289,4.6,4.25,5.25,2,3.75,4
2018,2000,Da Nang,4010275,7.4,5,6,4.5,4.25,5.6
2018,2000,Da Nang,4010278,5.4,4,5,3.5,3.5,3.2
2018,2000,Da Nang,4010336,5.4,3.25,4.5,3,4,2.8
2018,2000,Da Nang,4010320,5.8,6.5,4.25,4,4.25,5.4
2018,2000,Da Nang,4010323,4.2,4.75,6.5,5.25,2.75,4
2018,2000,Da Nang,4010330,6.2,4,2,6,6,6.2
2018,2000,Da Nang,4010333,5.8,6,5.75,6.75,4.25,5.6
2018,2000,Da Nang,4009973,6,5.25,3.5,4,4,3.2
2018,2000,Da Nang,4009719,5.6,3.75,6.25,3.25,4,3
2018,2000,Da Nang,4009727,6.6,3,6.5,4.25,4.5,7.2
2018,2000,Da Nang,4009512,6.6,3,6.5,6.5,3.75,6.2
2018,2000,Da Nang,4009519,6.8,5,5,5.25,4.5,6.2
2018,2000,Da Nang,4009525,4.8,3.5,6.75,5.5,4.25,3.6
2018,2000,Da Nang,4009505,6.4,2.75,6.75,6.25,4.25,7
2018,2000,Da Nang,4009511,3.4,5.25,5,3.5,4,8.6
2018,2000,Da Nang,4009514,5.6,5,4.5,3.75,4.25,4.2
2018,2000,Da Nang,4009515,5.4,4.75,4,7,2.25,2.4
2018,2000,Da Nang,4009528,7,3.5,4.5,6.5,6,4.8
2018,2000,Da Nang,4009531,4.2,3.5,6.5,6.25,5.5,2.6
2018,2000,Da Nang,4009534,6.8,5,4.75,4.75,2.75,7.2
2018,2000,Da Nang,4009540,6.2,4.25,3.75,5.75,5.25,4.8
2018,2000,Da Nang,4009543,5,4.75,4.25,3.25,2.75,3.8
2018,2000,Da Nang,4005703,7.6,5,5.25,4.75,3.25,2.8
2018,2000,Da Nang,4005721,5.4,4,3.5,4.5,3.5,2.6
2018,2000,Da Nang,4005728,6.2,5,4.75,3,5.25,4.2
2018,2000,Da Nang,4006488,3.8,3.25,5.75,7.25,4,2.6
2018,2000,Da Nang,4006073,5.2,6,3,2.5,4.25,4.4
2018,2000,Da Nang,4006076,5.2,5,6,5.25,3,3.2
2018,2000,Da Nang,4006092,5.4,5,,,,3.6
2018,2000,Da Nang,4006098,4.8,2.75,5.75,5.5,3.5,2.6
2018,2000,Da Nang,4006129,6.6,5.25,5,6.5,3.25,2.4
2018,2000,Da Nang,4006137,5,5.75,3.75,5,4.25,2.6
2018,2000,Da Nang,4006142,5.4,5.25,3,3.5,3.5,4
2018,2000,Da Nang,4006148,5.2,6,5.75,5.25,5.5,4.2
2018,2000,Da Nang,4006158,3.4,3.75,,,,3.2
2018,2000,Da Nang,4006165,4.8,5,,,,4.4
2018,2000,Da Nang,4006171,6,4.5,2.5,3.75,5.25,2.4
2018,2000,Da Nang,4005900,7.2,5.75,,,,3.2
2018,2000,Da Nang,4005901,6.2,3.75,,,,2.6
2018,2000,Da Nang,4005907,7.2,7.5,4.25,3,4.25,2.8
2018,2000,Da Nang,4005909,6.2,5.5,7.25,6.75,4.5,4.6
2018,2000,Da Nang,4005916,5.6,4.25,3.25,3,4.5,3.2
2018,2000,Da Nang,4007976,7.2,4.5,7.25,6.25,6.25,5
2018,2000,Da Nang,4007978,6.8,5,5,5.25,4,4
2018,2000,Da Nang,4007980,6.8,6,5.75,5,3.5,3.4
2018,2000,Da Nang,4007986,6.2,5.5,4,6.25,6,5.2
2018,2000,Da Nang,4007996,6,6.5,6.75,6,4.75,5.8
2018,2000,Da Nang,4007998,6.4,7.5,4.25,6.5,6.75,5.6
2018,2000,Da Nang,4007984,5.8,5.75,8.25,7.5,7,7.2
2018,2000,Da Nang,4008001,6,4.5,5.75,6.5,4.75,6.8
2018,2000,Da Nang,4008007,7.6,6,6.5,4.5,2.5,8.6
2018,2000,Da Nang,4008321,7.2,5,6.75,5.5,5.5,4.4
2018,2000,Da Nang,4008322,5,5.25,5.5,6,3.75,5
2018,2000,Da Nang,4008306,6.2,6.5,6.5,3.75,3,7.8
2018,2000,Da Nang,4008309,7,7.5,8.5,7.25,3.5,7.2
2018,2000,Da Nang,4008312,6.2,7.75,5,5.25,5.25,5
2018,2000,Da Nang,4008315,6.4,6.25,5.5,4.75,4.75,6.6
2018,2000,Da Nang,4008318,5.6,5.25,6.5,7.5,5.25,7.6
2018,2000,Da Nang,4008324,7.6,5,6.75,6.5,5.5,6.8
2018,2000,Da Nang,4008529,6.6,4,5,5.75,4.75,7.6
2018,2000,Da Nang,4008531,6.8,5.5,5,3.5,4.5,3.8
2018,2000,Da Nang,4008534,6,7,6.25,4.5,3.25,5.8
2018,2000,Da Nang,4008546,8,6.5,7.5,4.25,4.75,6.4
2018,2000,Da Nang,4008550,7.2,6,5,6,5.75,6.2
2018,2000,Da Nang,4008145,5,2.25,5.75,4.25,4,3.8
2018,2000,Da Nang,4008150,6,8.25,7.25,7.25,3.75,7.4
2018,2000,Da Nang,4007648,6.2,4,7,4.25,4.25,5.4
2018,2000,Da Nang,4007650,7.8,6,,,,6.8
2018,2000,Da Nang,4007661,5.2,4,,,,4.2
2018,2000,Da Nang,4007667,6,4.75,3.5,7,7.5,3.4
2018,2000,Da Nang,4007674,7.8,5,6.25,6.5,7.25,4.8
2018,2000,Da Nang,4007690,7.4,5.5,3.75,3.75,4.5,7.4
2018,2000,Da Nang,4007693,6.2,6,4.5,4,4.5,6.4
2018,2000,Da Nang,4007695,8.4,4.5,4.75,8.25,6.5,4.6
2018,2000,Da Nang,4007698,6.2,4.75,6.5,4,3.25,6.4
2018,2000,Da Nang,4007659,6.6,6.25,4.25,5.5,4.75,9.2
2018,2000,Da Nang,4002731,3.6,2.5,8,7,5.5,2.4
2018,2000,Da Nang,4002734,4.8,3.75,7,2.5,5,2.2
2018,2000,Da Nang,4002747,2.8,4,7.75,6.75,6,3.4
2018,2000,Da Nang,4003316,6,4,3,3,2.75,3.6
2018,2000,Da Nang,4003318,7.2,5.5,4.75,4.25,3,4
2018,2000,Da Nang,4003321,5.6,6.25,4,3.5,3.5,2.8
2018,2000,Da Nang,4008710,6,7,4.75,4.25,3.75,7.2
2018,2000,Da Nang,4008687,4.2,6.25,5.75,5.5,4,4
2018,2000,Da Nang,4008690,6.4,7.25,4.5,4.25,5.5,6.6
2018,2000,Da Nang,4000427,5,5.25,4.75,4.5,4.5,2.6
2018,2000,Da Nang,4000413,4.8,4.75,4.5,5.5,5,4.2
2018,2000,Da Nang,4000416,6,6.5,3.25,3.75,3.75,5.4
2018,2000,Da Nang,4000419,5.8,6,3.75,2.5,3.75,4.4
2018,2000,Da Nang,4000422,5,3.5,4.75,5.25,3.75,2.4
2018,2000,Da Nang,4000423,3.6,4.5,6.25,5,4.5,4.8
2018,2000,Da Nang,4001046,5.6,6,7,3.75,3.5,4.4
2018,2000,Da Nang,4001048,5,3.75,4.5,3.75,3.5,5
2018,2000,Da Nang,4001052,5.8,6.5,2.5,3.25,2.25,3.8
2018,2000,Da Nang,4003165,5,3,4,5.5,3.25,3.2
2018,2000,Da Nang,4003168,6.2,3.5,4,5.75,3.5,2.8
2018,2000,Da Nang,4003171,7,6,3.5,4.5,3.25,7
2018,2000,Da Nang,4003179,4.6,4,2.25,2.75,2.75,4.6
2018,2000,Da Nang,4003183,6.4,3.75,5.5,3.5,5.25,2.8
2018,2000,Da Nang,4003186,4.8,4,6,5.25,4.5,1
2018,2000,Da Nang,4008217,5,6,3.25,3,5.25,4.2
2018,2000,Da Nang,4008235,5.4,6.25,7.25,6.5,4,7.2
2018,2000,Da Nang,4008241,7.2,6.25,2.75,2.25,3.25,5.2
2018,2000,Da Nang,4000326,6.6,1.75,4,3.5,4.25,3
2018,2000,Da Nang,4000842,8.6,4.5,7.5,6.75,3.75,6.4
2018,2000,Da Nang,4000850,8.4,5.5,5,6.75,5.25,5.4
2018,2000,Da Nang,4000869,8.2,6.5,5.5,6,1.75,8.8
2018,2000,Da Nang,4000882,8,7,7.5,8.75,5.75,7.6
2018,2000,Da Nang,4000890,7,7.5,8.5,9.75,4,5.6
2018,2000,Da Nang,4000910,6.8,7.25,9,8.75,3.75,7.6
2018,2000,Da Nang,4000925,5.6,6.5,5.75,7.75,8.75,6.6
2018,2000,Da Nang,4000955,7.2,5.5,6.75,6.75,4.25,
2018,2000,Da Nang,4000498,4,2.25,,,,4.8
2018,2000,Da Nang,4000501,2.4,2.5,6.5,4.75,4,3
2018,2000,Da Nang,4000516,5.2,2.75,5.5,7.75,8.25,4.6
2018,2000,Da Nang,4000523,5,6,2.75,2.75,2.75,1
2018,2000,Da Nang,4000949,9,7.5,7.5,4.5,6,6.6
2018,2000,Da Nang,4000985,8,5.75,5.75,5,3.5,5.6
2018,2000,Da Nang,4000988,6.4,5.5,8,4,5.5,8.6
2018,2000,Da Nang,4001412,4.6,7,,,,5.2
2018,2000,Da Nang,4001416,3,2.25,4,9.25,9,3.4
2018,2000,Da Nang,4001418,5.2,6.5,4.75,5.5,6.5,3.6
2018,2000,Da Nang,4009912,3.2,5.75,3.25,3,3.75,2.4
2018,2000,Da Nang,4009926,4.8,6.5,4.25,2.75,5.75,
2018,2000,Da Nang,4010100,6.2,4,1.25,2.75,4.5,5.6
2018,2000,Da Nang,4010119,4.6,3.5,2.75,2,3.5,5
2018,2000,Da Nang,4010131,5,3.25,,,,3.6
2018,2000,Da Nang,4010137,6,6,3.5,4.5,4,3.4
2018,2000,Da Nang,4010147,5.4,3.5,4.25,4,4,5.2
2018,2000,Da Nang,4010149,7.4,4.75,4,3.75,2.75,5
2018,2000,Da Nang,4010157,5.4,4.25,5,5.75,3.75,5.8
2018,2000,Da Nang,4010189,6,4.25,3,3,2.5,2.6
2018,2000,Da Nang,4010194,4.2,4,7,7,3.5,2.8
2018,2000,Da Nang,4010207,4,4,5.25,2.5,3.25,6
2018,2000,Da Nang,4010213,4.8,4.25,4,4.75,2.25,4.6
2018,2000,Da Nang,4009940,3.8,5.5,2.25,4,4,6.2
2018,2000,Da Nang,4005722,5.4,6.5,3,3.75,4,2.4
2018,2000,Da Nang,4005731,6.4,4.5,4.5,4,2.75,2.4
2018,2000,Da Nang,4005734,6.8,4.25,5,5.75,5.5,3
2018,2000,Da Nang,4005785,5.8,5.75,2.75,4,5,5
2018,2000,Da Nang,4005800,5.2,6.25,2.5,5,4.5,4.2
2018,2000,Da Nang,4005811,7.2,5.5,7.25,6.5,3.5,3.6
2018,2000,Da Nang,4005770,3.6,3.75,6,6,4.25,2.8
2018,2000,Da Nang,4005781,4.6,6.5,3.25,5.5,5.75,2.8
2018,2000,Da Nang,4005789,4,3.75,5.25,7.5,6.75,2.8
2018,2000,Da Nang,4005790,7,6,4.5,4.25,3.5,6.4
2018,2000,Da Nang,4005795,5.6,3.25,4.25,3.25,3.5,4.8
2018,2000,Da Nang,4005802,6.2,5.5,6.25,5,2.25,6.2
2018,2000,Da Nang,4005729,7.6,5.5,6.25,4.75,4.25,4.4
2018,2000,Da Nang,4005741,4.8,5.25,4,3.5,3.75,2.6
2018,2000,Da Nang,4005747,6.2,5.5,7.5,7.5,6,3.6
2018,2000,Da Nang,4005743,3.2,1.75,7.75,7.5,3.25,2.4
2018,2000,Da Nang,4008339,6.6,5.25,6,4,4.5,4
2018,2000,Da Nang,4008341,6.8,4.5,5.75,6.75,2.75,3.8
2018,2000,Da Nang,4008343,7.4,5.75,3.5,1.75,3,5.2
2018,2000,Da Nang,4008345,6.2,5.5,6.75,6.75,1.5,3.8
2018,2000,Da Nang,4008347,6,4.5,6,5.75,3,4.6
2018,2000,Da Nang,4008326,7,5,8.5,7.75,3.5,3.2
2018,2000,Da Nang,4008328,7,5,6.75,6.5,2.25,3.8
2018,2000,Da Nang,4008330,5.2,7.75,3.75,4.75,3.75,9.2
2018,2000,Da Nang,4008332,6.2,5.5,7,6.5,3.25,8
2018,2000,Da Nang,4008334,6.4,8,7.25,6.5,3,8.6
2018,2000,Da Nang,4008336,5,4,7,2.75,3.75,6.4
2018,2000,Da Nang,4008350,5.6,6,6.5,5.5,3,6
2018,2000,Da Nang,4008353,6.8,7.25,7,4,3.75,7.6
2018,2000,Da Nang,4008097,6.6,7,5.25,2.75,4,8.8
2018,2000,Da Nang,4008100,7.4,7,5.75,4.25,3.5,7.2
2018,2000,Da Nang,4008101,5.8,7,2.75,6.5,6.5,6
2018,2000,Da Nang,4008102,6.6,6.25,6,3,3.75,6
2018,2000,Da Nang,4007641,7,3,7.25,3.5,4,4.6
2018,2000,Da Nang,4007644,6.4,3.5,6,2.5,3.25,5.4
2018,2000,Da Nang,4007647,7.6,4,3,7,8.25,6.6
2018,2000,Da Nang,4007649,6.4,5,5.75,7.75,5,4.8
2018,2000,Da Nang,4007651,7.6,4.75,3.75,7.5,8,8.6
2018,2000,Da Nang,4007653,6.6,6.75,3,6.75,7.75,6.4
2018,2000,Da Nang,4007663,6.6,6,7.25,7.75,6,6.2
2018,2000,Da Nang,4007677,7.4,5,7.25,4.5,4.5,3.6
2018,2000,Da Nang,4007680,8.2,5.25,7.5,6.25,5.25,4.8
2018,2000,Da Nang,4007686,7.6,5.25,3.25,2.75,2.75,8.4
2018,2000,Da Nang,4007671,7,4.5,7.5,9,5.5,2.8
2018,2000,Da Nang,4007673,6.2,6,7.5,8.5,4.25,6
2018,2000,Da Nang,4007669,6.2,5,6.75,4.25,5,4
2018,2000,Da Nang,4008170,6.2,7,5.25,6.5,4,5.8
2018,2000,Da Nang,4008171,4.6,6.5,6.25,4.25,1.5,3.2
2018,2000,Da Nang,4008175,3.4,3,5,6,3.75,2.2
2018,2000,Da Nang,4003230,6.8,4.5,3.5,3,2.5,4.8
2018,2000,Da Nang,4003233,5.6,4.5,2.25,3,2.25,4.6
2018,2000,Da Nang,4003236,4.8,2.75,6.25,5.25,4.25,3.8
2018,2000,Da Nang,4003238,7.2,3,7,5,5,3.2
2018,2000,Da Nang,4003241,5.2,4.75,7.25,3.25,3.75,2.8
2018,2000,Da Nang,4008731,6.2,6.25,3.25,2,3.75,5.6
2018,2000,Da Nang,4008734,2.4,3.5,5.75,4,4.75,4.2
2018,2000,Da Nang,4008712,4.6,7,5,5.25,4.5,3.4
2018,2000,Da Nang,4000439,5.4,4,5.25,3.25,5,3.2
2018,2000,Da Nang,4000442,6.4,6,4.5,4.5,5.25,5.4
2018,2000,Da Nang,4000444,6.4,6.5,4.25,4,3,4.8
2018,2000,Da Nang,4000446,4.6,4,4.25,3.5,4.5,2.2
2018,2000,Da Nang,4000448,6.4,4,4.25,2.75,3.25,4
2018,2000,Da Nang,4000450,5.6,5.75,3,5.5,6.5,5.2
2018,2000,Da Nang,4000452,6.4,4,3.25,3.25,4.5,4.4
2018,2000,Da Nang,4000454,6.4,5.25,5,4,4.5,5.4
2018,2000,Da Nang,4000434,6.2,4.75,5,3,3,2.6
2018,2000,Da Nang,4001031,5.4,6,4,4.75,2.75,
2018,2000,Da Nang,4000703,7,7.75,8.25,4.25,4.25,
2018,2000,Da Nang,4000602,3,1.75,4.75,6,3.25,
2018,2000,Da Nang,4000618,2.4,5.25,2.5,6,7.75,
2018,2000,Da Nang,4000624,1.2,2,5.75,6.5,5.5,
2018,2000,Da Nang,4002009,4,5.75,5,4.25,4.25,6
2018,2000,Da Nang,4002016,6,4,4.5,4.25,2.75,3.8
2018,2000,Da Nang,4002060,4.2,5.25,5.75,4.75,3.25,3.6
2018,2000,Da Nang,4002066,6.4,6,4.75,3.75,4.5,7
2018,2000,Da Nang,4002072,5.4,4.25,3.75,3.75,5.75,6.2
2018,2000,Da Nang,4002079,3.6,4.5,4.25,3.75,4.5,3.8
2018,2000,Da Nang,4002084,4.4,4,6,5.75,7,4.8
2018,2000,Da Nang,4008560,5,4,4.5,3.75,3.5,
2018,2000,Da Nang,4008565,4,2.5,3,3.25,2.75,2.4
2018,2000,Da Nang,4008571,4.8,5.5,6.75,4.5,4.25,5.4
2018,2000,Da Nang,4000993,4.6,6,3.75,3,4.5,4.6
2018,2000,Da Nang,4001005,6.2,5,7.75,7.25,4.5,
2018,2000,Da Nang,4001009,7.6,6.25,5.75,9.25,7.75,6
2018,2000,Da Nang,4001020,2.8,3,4.5,5,5.25,
2018,2000,Da Nang,4000828,3,2.25,4.75,6,5.25,
2018,2000,Da Nang,4000839,3.6,1.75,8,7.5,5.25,
2018,2000,Da Nang,4000851,2,2.5,2.25,2.5,3.75,
2018,2000,Da Nang,4000859,2.4,1.5,4.25,2.5,4.5,
2018,2000,Da Nang,4001001,2.8,4.25,1.5,3.5,3.5,
2018,2000,Da Nang,4000695,3.8,5.5,3,2.25,2.75,
2018,2000,Da Nang,4001041,3.4,4.25,1.25,1.5,3.25,2.6
2018,2000,Da Nang,4001066,5.6,5,3,2.75,3.75,4.4
2018,2000,Da Nang,4002293,5.2,6,6,3.75,4.25,7.8
2018,2000,Da Nang,4002299,6.6,7,6,6.75,4,6.6
2018,2000,Da Nang,4002306,5.4,7,3,4.25,4,4.4
2018,2000,Da Nang,4001901,6,3,7.25,4.75,3,4.6
2018,2000,Da Nang,4001911,6,4,7,5.5,6,3.8
2018,2000,Da Nang,4001903,6.8,4.25,3,5,4,4.2
2018,2000,Da Nang,4001909,6.8,3.25,3.5,4.25,4.75,6.2
2018,2000,Da Nang,4001917,5.8,5.75,5.5,5,2.75,7.8
2018,2000,Da Nang,4003169,5.6,3.75,6.5,5.75,4,2.8
2018,2000,Da Nang,4003175,6.6,6,6,6,4.5,5.8
2018,2000,Da Nang,4003180,4.4,2.5,5.5,2.75,4.25,1.8
2018,2000,Da Nang,4003185,5.4,3.25,5.5,4,3,5.4
2018,2000,Da Nang,4003194,6,7,3.5,1.75,3.5,3.8
2018,2000,Da Nang,4003201,6.2,3.25,4,2,2.25,3.6
2018,2000,Da Nang,4003208,4.4,5.25,6.5,5,4.25,2.8
2018,2000,Da Nang,4003215,7.6,4.5,3.75,6,4,7
2018,2000,Da Nang,4003223,5.8,5.25,3,6.75,6.75,2.6
2018,2000,Da Nang,4008591,5.4,5.25,6,4.5,3.5,8.8
2018,2000,Da Nang,4008611,4.4,4.5,6,2.75,3.25,2.2
2018,2000,Da Nang,4008618,3.8,4,5.75,5,4,3.4
2018,2000,Da Nang,4004886,3.8,5,3.25,3.25,2.75,3.2
2018,2000,Da Nang,4004762,6.8,5.5,7.25,4,4.25,3.6
2018,2000,Da Nang,4004795,4.2,6,6.5,5.25,3.75,2.4
2018,2000,Da Nang,4004804,6.6,5,,,,3
2018,2000,Da Nang,4004817,6.8,5.5,5,4.25,5.5,3.8
2018,2000,Da Nang,4004826,2.8,2.25,3.5,1,3,1.6
2018,2000,Da Nang,4009981,6,5.75,6.5,5.25,5.5,8
2018,2000,Da Nang,4009987,5.4,4,5,5.75,4.75,2.6
2018,2000,Da Nang,4009993,6,4.25,3.25,2.5,2.5,8.2
2018,2000,Da Nang,4010007,5.8,6,7,4,4.75,5
2018,2000,Da Nang,4010011,5.2,4.5,4.25,5,5,3.4
2018,2000,Da Nang,4010013,7.2,4,3.75,3.25,5.25,4.4
2018,2000,Da Nang,4010019,5.4,4.5,7.25,5.25,4.25,3.2
2018,2000,Da Nang,4010029,4.8,5.25,4,4.25,4.5,4.2
2018,2000,Da Nang,4010179,5,3.5,7,7,4.25,2.4
2018,2000,Da Nang,4010191,5.8,5,4.25,5.5,3.75,5
2018,2000,Da Nang,4010210,4,5.25,2,5.25,4.5,3.4
2018,2000,Da Nang,4010212,4.6,6.5,5.25,4.5,4.25,5.2
2018,2000,Da Nang,4010216,5.4,2.5,6,4,4.75,2.6
2018,2000,Da Nang,4010219,4,5,5,3.5,3.5,4.8
2018,2000,Da Nang,4010222,6.2,5.5,4.75,5,4.5,3.2
2018,2000,Da Nang,4010231,5.6,3.25,4.25,5.75,3.5,7.2
2018,2000,Da Nang,4005745,5.4,3.75,3.75,3.25,4,3
2018,2000,Da Nang,4005753,5.8,5.25,6.75,6.25,3,3
2018,2000,Da Nang,4005755,5.8,3,6.5,4,3.75,3.8
2018,2000,Da Nang,4005757,5,4.75,4.75,4,4,3
2018,2000,Da Nang,4005759,4.8,3.25,4,5.75,3,3.6
2018,2000,Da Nang,4005775,5.8,5.5,4.75,5.25,2.5,3.2
2018,2000,Da Nang,4005783,6,6.5,5.75,3,4,4.8
2018,2000,Da Nang,4005760,6.2,3,2.25,3.5,5.25,3.8
2018,2000,Da Nang,4005769,6.8,6.25,5.25,6.25,6,9
2018,2000,Da Nang,4010584,7.6,,5.75,6.5,4.5,5.8
2018,2000,Da Nang,4010595,6.4,,4.5,3.25,4.25,5.2
2018,2000,Da Nang,4010605,4.4,5.5,4.75,5.5,5.25,5.2
2018,2000,Da Nang,4005927,4.2,4.5,7,7.75,6,3.6
2018,2000,Da Nang,4005912,5.2,5.25,7.5,6.25,5.25,2.2
2018,2000,Da Nang,4006185,2.6,5.5,7.75,6.25,4.25,4.2
2018,2000,Da Nang,4006196,4.4,5.75,2.25,3.75,3.25,2.8
2018,2000,Da Nang,4006203,7.2,4.25,4.75,3.25,4,3.4
2018,2000,Da Nang,4008119,6,6.25,3.5,6,5.5,5
2018,2000,Da Nang,4008126,7.4,5.25,6.75,6,3.5,3.6
2018,2000,Da Nang,4008131,6.2,6,3.5,6.5,5.5,6.2
2018,2000,Da Nang,4008137,7,6,7.75,6.25,5.5,5.4
2018,2000,Da Nang,4007568,7,5,3.25,6.25,6.25,6.2
2018,2000,Da Nang,4007571,5.2,5.5,5.75,5,4,4.8
2018,2000,Da Nang,4007584,6.4,2.75,4,7,8,6.8
2018,2000,Da Nang,4007588,6.6,6.5,5.25,6.5,7.25,7.8
2018,2000,Da Nang,4007593,7.6,6.25,3,6.75,6.5,7.8
2018,1997,Da Nang,4007599,6,5,7.25,3.75,2.25,3.4
2018,1999,Da Nang,4007606,6,5,6.5,3.75,4.75,7
2018,1999,Da Nang,4007612,6,4,4,7.5,8,7.2
2018,1999,Da Nang,4007629,5.2,7,5.5,5.25,4.25,4.6
2018,1999,Da Nang,4007632,7.2,4.5,6.25,6,5.75,6.8
2018,1999,Da Nang,4008018,6.8,5.5,6,6.5,3.75,7.8
2018,1999,Da Nang,4008192,5,8.5,2.25,3.5,3.25,6.4
2018,1999,Da Nang,4008208,6,6.5,6.5,5.25,3.5,7.8
2018,2000,Da Nang,4008211,2.2,4.5,6.5,7.25,5.75,3.2
2018,2000,Da Nang,4008274,6.4,3.75,7.75,3,2.25,3.8
2018,2000,Da Nang,4008276,5.8,2,3,4.75,5.5,5.2
2018,2000,Da Nang,4007710,7,6,7,4.25,3.25,6
2018,2000,Da Nang,4007729,6.2,4.5,5.25,5.5,5,5.8
2018,2000,Da Nang,4007734,6,2.75,3.75,3.25,3,2.6
2018,2000,Da Nang,4007738,5.6,3,4.5,8.5,8.25,5.8
2018,2000,Da Nang,4003243,6.4,6.75,6.75,4,3.25,6.4
2018,2000,Da Nang,4003246,5.2,5,6,5.5,4.5,4
2018,2000,Da Nang,4003248,6,5,5,5.5,3.75,3.8
2018,2000,Da Nang,4003250,5.2,7.5,5,5.25,4.25,4.6
2018,2000,Da Nang,4003251,6,5.5,4.5,6,4.25,3.8
2018,2000,Da Nang,4003254,3,4,3.75,5.25,2,3.2
2018,2000,Da Nang,4003255,5.2,3.5,3.5,4.5,3.25,3.6
2018,2000,Da Nang,4003265,6.6,3,2.5,4,4.25,2.2
2018,2000,Da Nang,4003269,6,5,2,2.5,2,5.8
2018,2000,Da Nang,4003274,5.2,3.75,7.25,7,3.75,4
2018,2000,Da Nang,4003277,5.6,5,4.5,4.75,3.25,4
2018,2000,Da Nang,4003283,5,3,4.25,3.75,3.75,2.6
2018,2000,Da Nang,4003285,6.4,4.5,4,3.25,5,4
2018,2000,Da Nang,4008654,4,4.75,4.25,5,4.25,2
2018,2000,Da Nang,4008655,3.4,4.5,2.75,2.75,3,1.6
2018,2000,Da Nang,4008638,3.8,4.5,6.75,6.5,4,6.2
2018,2000,Da Nang,4000383,6.4,6,1.5,4,4.25,3.8
2018,2000,Da Nang,4000402,6.4,5,3.5,4.25,4.5,6.4
2018,2000,Da Nang,4000386,6,6,4,3.75,2.75,6.6
2018,2000,Da Nang,4000640,3,2.25,7,5.5,6.25,
2018,2000,Da Nang,4000658,2.2,4,5.5,3.25,2.75,
2018,2000,Da Nang,4000699,2.4,2.5,5.25,4.25,4.5,
2018,2000,Da Nang,4002103,4.8,6.75,6.5,6,5,3.2
2018,2000,Da Nang,4002106,5.8,6.25,4.25,4.25,3.75,4.6
2018,2000,Da Nang,4002078,4.6,3.5,7.25,7.25,3.25,2
2018,2000,Da Nang,4002080,5.4,5.5,3,4.25,3.25,6
2018,2000,Da Nang,4002082,6.4,5.5,6,2.75,3,7.6
2018,2000,Da Nang,4002086,7.2,4.5,4,2.5,4,2.4
2018,2000,Da Nang,4002088,5.8,3,6.25,4.25,4.5,2.2
2018,2000,Da Nang,4002090,6,4,5.25,4,6.5,5.4
2018,2000,Da Nang,4002075,6.2,6,5.5,7,3,6.2
2018,2000,Da Nang,4002520,4.4,4,5.75,6.5,3,2.6
2018,2000,Da Nang,4002529,6,5.5,7.75,5,4.5,8
2018,2000,Da Nang,4002536,5.8,4.5,4,3.75,3.5,4
2018,2000,Da Nang,4002542,7.4,3.5,3.25,3,2.75,7.2
2018,2000,Da Nang,4002548,4.2,2.5,6.5,4.75,4.75,4.2
2018,2000,Da Nang,4008880,7.4,7,4,5,4,5.8
2018,2000,Da Nang,4008882,6,6,8.25,4,2.5,
2018,2000,Da Nang,4008885,5,6.75,4,3.25,5,7.2
2018,2000,Da Nang,4001974,6.8,4.25,4.5,4.5,4.5,4
2018,2000,Da Nang,4001986,5.6,5,2,6,6.5,4.6
2018,2000,Da Nang,4002022,5.6,3.5,6.75,6,4,3.2
2018,2000,Da Nang,4002027,6.2,4.25,6.25,4.5,3.75,3.6
2018,2000,Da Nang,4002035,6.6,5.25,3.75,7,5.75,2.6
2018,2000,Da Nang,4002041,6.2,3,4.75,5,4.5,5.6
2018,2000,Da Nang,4002049,6.4,3.5,5.75,3.75,5,3.8
2018,2000,Da Nang,4002054,7.2,5.25,7,5.75,3.75,7.6
2018,2000,Da Nang,4002131,6,3.5,4.5,2,2.75,2.6
2018,2000,Da Nang,4002136,6.4,5,5.25,4.75,3.75,6.2
2018,2000,Da Nang,4002147,6.8,6.5,5,5.25,4.75,8.4
2018,2000,Da Nang,4002153,6.4,6.25,6,6,4.5,2.8
2018,2000,Da Nang,4002160,5.8,4.5,8.25,2.75,6.25,3.8
2018,2000,Da Nang,4002141,4.8,4.5,6,2.25,5,3.4
2018,2000,Da Nang,4001104,4,4,6.5,6.25,4,2.2
2018,2000,Da Nang,4001237,4.4,4.25,4.25,1.75,4.5,4.2
2018,2000,Da Nang,4001242,3.8,5.25,2.25,2.25,3.25,3
2018,2000,Da Nang,4002260,5.4,4.5,6,5.25,4.25,4
2018,2000,Da Nang,4002270,3.4,5,7.25,3.75,3.25,3.8
2018,2000,Da Nang,4002276,6.6,5,7,7.5,5.5,5.2
2018,2000,Da Nang,4002262,5,5.25,6.5,5.75,4.5,2.6
2018,2000,Da Nang,4002264,6.8,6.25,5,4.5,3.25,4.4
2018,2000,Da Nang,4002268,7.2,7,7,3.5,4.75,6.8
2018,2000,Da Nang,4002271,3.2,4.75,6,7.25,3.75,5.2
2018,2000,Da Nang,4002277,4,5,4,7.75,7.25,6.6
2018,2000,Da Nang,4002283,6.6,3,2.75,5.25,2.75,4.6
2018,2000,Da Nang,4002298,6.6,2.75,4.25,3.25,4,5.8
2018,2000,Da Nang,4002304,5.2,6.25,4,4,5.25,3.2
2018,2000,Da Nang,4002286,6.4,5,7.75,8.5,5,6.2
2018,2000,Da Nang,4002289,5.6,4,5,4.75,3,6.6
2018,2000,Da Nang,4002764,5.6,4.5,4.75,4.5,4,2.8
2018,2000,Da Nang,4000023,5.4,6.25,5.5,5,2.25,4.8
2018,2000,Da Nang,4000003,5,3.25,6,4.75,4.5,2.8
2018,2000,Da Nang,4004860,4,5,5.5,6.25,4,3.2
2018,2000,Da Nang,4004870,6.6,6.25,1.75,1.5,3.75,3
2018,2000,Da Nang,4005444,3.8,4.25,1.75,2.75,3,2.4
2018,2000,Da Nang,4005509,5.4,7.75,3.25,4,5,3.4
2018,2000,Da Nang,4005517,2.2,5.5,4,5.25,5,2.2
2018,2000,Da Nang,4010277,6.6,4.5,3.75,3.5,4.25,4.8
2018,2000,Da Nang,4010280,4.6,3.5,4.25,3,2.75,2.6
2018,2000,Da Nang,4010287,3.6,1.5,6.75,4.25,5,5.4
2018,2000,Da Nang,4010001,5.6,4,6.75,5.5,5.25,3
2018,2000,Da Nang,4010015,5.4,4.5,2.75,3,4,5.6
2018,2000,Da Nang,4010021,6.2,5,3,3.75,3,5.6
2018,2000,Da Nang,4010025,5,5.75,4,3.5,4.75,5.8
2018,2000,Da Nang,4010047,5.6,7,3,6.25,2.5,4.4
2018,2000,Da Nang,4010048,6.8,6.5,7,7.25,4.5,7.6
2018,2000,Da Nang,4010052,3.6,3,2,5.25,3.25,2.4
2018,2000,Da Nang,4010062,6.4,4.5,4.5,3.5,3.25,5
2018,2000,Da Nang,4010070,4.2,2.5,6.25,4.5,4.5,2.2
2018,2000,Da Nang,4010083,5.4,6.5,2.25,4,4.75,6
2018,2000,Da Nang,4010092,4.8,4,4.25,5.25,2.75,3.6
2018,2000,Da Nang,4006031,5.4,5.75,7.25,6,3.5,3
2018,2000,Da Nang,4006033,4.6,3,7,4.75,3,3.8
2018,2000,Da Nang,4006035,5.4,7.75,3.5,4.25,3.5,4.8
2018,2000,Da Nang,4005941,4.2,5,5.25,5.75,3,2
2018,2000,Da Nang,4005947,5.8,2.75,4.5,3.5,2.5,2.6
2018,2000,Da Nang,4005966,5,6.75,6.5,4,4,2.4
2018,2000,Da Nang,4005972,6.8,5,3.5,4.75,3.5,5.8
2018,2000,Da Nang,4005974,2.4,2,4.5,4.5,2.5,2.6
2018,2000,Da Nang,4005955,8.8,3.5,2.25,3.25,3.5,3.8
2018,2000,Da Nang,4005959,5,5.75,6.75,5.75,3.5,3.6
2018,2000,Da Nang,4005984,5.2,3,2.5,2.25,4.75,3.6
2018,2000,Da Nang,4006000,7,6,6.5,7.5,2.5,3.4
2018,2000,Da Nang,4005998,3.6,4,3.75,3,2.75,2.8
2018,2000,Da Nang,4006001,5.8,6.75,5,4.75,4.5,5.6
2018,2000,Da Nang,4006021,5.8,5.75,7.25,6.5,5.75,4.6
2018,2000,Da Nang,4006010,8.2,5,3.5,3,4,7.2
2018,2000,Da Nang,4006012,8.2,5.5,4,5.5,3.75,4.8
2018,2000,Da Nang,4006347,4.6,5,5,4.75,5,2.8
2018,2000,Da Nang,4006358,5.2,5.25,5.75,3.75,4,5.6
2018,2000,Da Nang,4008020,7.6,6,8.25,7.75,4,6
2018,2000,Da Nang,4008022,7,5.5,,,,3.4
2018,2000,Da Nang,4008000,6,7.25,5,2.25,2.75,7
2018,2000,Da Nang,4008002,6.4,5.25,6.75,8,3.75,6.2
2018,2000,Da Nang,4008014,5.6,4.25,7.25,7,5.5,3.4
2018,2000,Da Nang,4008024,7.2,6.75,5,7.75,7.25,5.2
2018,2000,Da Nang,4008026,6.8,7,5.75,6.25,4.5,3.2
2018,2000,Da Nang,4008028,7.4,5.5,4.5,5.25,1.5,7.4
2018,2000,Da Nang,4008032,5.4,4.5,2.25,8.25,7,6.8
2018,2000,Da Nang,4008034,5.6,6.25,5.5,5.5,3.75,6.8
2018,2000,Da Nang,4008036,6,5.5,3.75,8.75,7.75,2.8
2018,2000,Da Nang,4008038,5.6,6,4.25,6.5,4.5,2.4
2018,2000,Da Nang,4008042,7.4,5.75,7,2.5,3.75,8.4
2018,2000,Da Nang,4008044,6.6,7.25,6.25,5.5,5.5,6
2018,2000,Da Nang,4008045,7.4,5.75,5.75,3.75,4.5,3.8
2018,2000,Da Nang,4008040,6,7.75,7,6.5,5,6.6
2018,2000,Da Nang,4008359,8,4.5,6,4.5,2.75,7.8
2018,2000,Da Nang,4007742,5.6,8,8,6,3.5,6.8
2018,2000,Da Nang,4007751,5.6,2.5,4,5.5,4.5,7.2
2018,2000,Da Nang,4007763,6.2,5,7.25,5.75,6,8.8
2018,2000,Da Nang,4007767,7.2,5,6.25,7,5.5,7.4
2018,2000,Da Nang,4007769,6.8,3,4.75,3,4.25,6.6
2018,2000,Da Nang,4007778,7.2,4.25,6.75,4.25,4.5,2.4
2018,2000,Da Nang,4007784,8.2,5,4.25,7.5,6,4.8
2018,2000,Da Nang,4007802,7.6,4.75,5.25,3.75,3,6.6
2018,2000,Da Nang,4007808,6.2,5.5,3.25,7.25,8,2.4
2018,2000,Da Nang,4007811,6.8,7.5,8.25,9,4.25,7.6
2018,2000,Da Nang,4007813,4.8,6.5,6.75,5.75,3,6.2
2018,2000,Da Nang,4007688,6.2,4.5,6.5,2.75,3.5,6.8
2018,2000,Da Nang,4007692,5.8,4.5,4.75,5.75,4.75,3.8
2018,2000,Da Nang,4007694,7.4,5,5.75,5.25,3.75,3.4
2018,2000,Da Nang,4007696,4.6,6,3.5,5.75,5,7
2018,2000,Da Nang,4007704,5.6,4,4,6.75,4.75,3.6
2018,2000,Da Nang,4007719,5.8,4.5,6.5,7,3.25,7.6
2018,2000,Da Nang,4008641,5.4,7,6,7.75,5,5.8
2018,2000,Da Nang,4008644,6,8,3.5,4.5,5.25,8.4
2018,2000,Da Nang,4008647,5.6,6.75,4,4.75,4.25,6.6
2018,2000,Da Nang,4000394,7.6,5,4.25,4.5,4,3.2
2018,2000,Da Nang,4000398,6.6,3.5,4.5,4.5,6.5,3.4
2018,2000,Da Nang,4000400,5,2.75,4.75,6,3.5,5
2018,2000,Da Nang,4000404,4,5,3,7.25,6.75,3
2018,2000,Da Nang,4000406,4.8,6.25,2.75,7,5.75,3.4
2018,2000,Da Nang,4000408,4.8,3,5.75,3.75,4,4.2
2018,2000,Da Nang,4000396,5.8,4,3.75,3.25,3.25,4
2018,2000,Da Nang,4000412,5.4,6,4.75,4.75,4,4
2018,2000,Da Nang,4000417,5.4,5,3,2,1.5,3.4
2018,2000,Da Nang,4000421,7.6,4.75,5.25,3,2.75,7
2018,2000,Da Nang,4000835,7.2,8.5,3,5.5,2.75,9
2018,2000,Da Nang,4000861,5.6,9.25,6.25,3.75,3.25,6.4
2018,2000,Da Nang,4000874,6.8,7.25,6,4.25,4.5,10
2018,2000,Da Nang,4002343,5,6.25,3.5,3,3.75,6.8
2018,2000,Da Nang,4002321,4.8,5,6.5,5.25,2.5,3.6
2018,2000,Da Nang,4002326,3.6,3,5,3,5.25,2.6
2018,2000,Da Nang,4002328,2.8,1.5,5.5,2,2.5,2.8
2018,2000,Da Nang,4002667,3.6,3.25,3,2.75,2.25,2.6
2018,2000,Da Nang,4002671,3,2.75,3,2,4.25,3.2
2018,2000,Da Nang,4002673,5,6,3.25,5,1.75,2.8
2018,2000,Da Nang,4000717,8.2,6.25,4.5,8.25,7.75,6.4
2018,2000,Da Nang,4002420,6.2,3.5,5.25,6.25,4.75,2.6
2018,2000,Da Nang,4002437,4.6,6.5,7.75,7.25,4.75,5
2018,2000,Da Nang,4002456,5,6,8.5,7.25,5.5,4.2
2018,2000,Da Nang,4002462,3.4,4.75,7.25,5.75,5.25,3.8
2018,2000,Da Nang,4002444,5.4,5.5,4,4.25,3.75,6.6
2018,2000,Da Nang,4002446,3.4,3.5,3.25,4.75,6.5,3.6
2018,2000,Da Nang,4002454,5.4,4.5,4.25,4.5,2.5,5.4
2018,2000,Da Nang,4002464,6.4,6.25,5,3.5,3.5,3
2018,2000,Da Nang,4002450,5,3.5,2.75,3.75,5,4.2
2018,2000,Da Nang,4002452,6.2,4.5,6,7,3.75,6
2018,2000,Da Nang,4002472,5.6,3,7.25,5.5,3.75,3.2
2018,2000,Da Nang,4002478,3.2,3,4.75,3.75,3.75,1.6
2018,2000,Da Nang,4002557,4.2,4,6.5,3.5,4,2.4
2018,2000,Da Nang,4002560,1.4,2.75,6.5,4.75,2.75,2.2
2018,2000,Da Nang,4002563,3.2,3.5,3.75,3,3.25,3.2
2018,2000,Da Nang,4002062,5.8,4,4.5,4,4.75,3
2018,2000,Da Nang,4002071,6.4,6,4,4,3.25,7.4
2018,2000,Da Nang,4002095,5,7.5,6.25,3,4.5,6.4
2018,2000,Da Nang,4002108,5.8,6.75,5,6.75,3.75,4.4
2018,2000,Da Nang,4002110,6,5,6.25,3.75,3.75,2.6
2018,2000,Da Nang,4002134,7.2,4,3.5,4,4.25,3.2
2018,2000,Da Nang,4002137,5,2.75,7,6.75,4.75,3.4
2018,2000,Da Nang,4002185,7.2,6.25,5.75,5.75,3.5,3.2
2018,2000,Da Nang,4002189,3.8,5,6.5,6.25,4.25,2.8
2018,2000,Da Nang,4002191,3.6,4.5,3.75,5.5,2,3.2
2018,2000,Da Nang,4002193,5.6,4,6,6.25,5.5,5.8
2018,2000,Da Nang,4002195,5.6,3.75,3.75,2.5,4,4.8
2018,2000,Da Nang,4002197,5.8,5.5,4.5,3.75,3,6.8
2018,2000,Da Nang,4002199,7.8,5.25,5,2.75,3,4.8
2018,2000,Da Nang,4002767,4.6,7,5.25,3.5,4.5,5
2018,2000,Da Nang,4002770,5.6,8.25,7.5,4.25,3.25,4.6
2018,2000,Da Nang,4002799,4.6,2.5,7.25,5.75,2.5,3
2018,2000,Da Nang,4000330,5.2,5.25,4,5.5,5,6.8
2018,2000,Da Nang,4000941,7.4,4,4.25,4,4.25,6
2018,2000,Da Nang,4000976,7.2,6.5,4,3,2.25,4.4
2018,2000,Da Nang,4000981,7.6,4.25,6.25,3.75,5,
2018,2000,Da Nang,4000989,8,5.25,8.5,6.75,4,7.8
2018,2000,Da Nang,4000972,6.8,7.5,7.75,8,8.25,8
2018,2000,Da Nang,4001019,7,8,2.5,8.5,8.75,9.4
2018,2000,Da Nang,4001003,7,5.25,5.75,8,7,8.2
2018,2000,Da Nang,4001016,7.4,4.25,6.5,3.25,5,4.6
2018,2000,Da Nang,4001026,8.2,6,6.5,6.5,4.75,5.6
2018,2000,Da Nang,4001030,6.6,7.5,7.75,5,4.75,5.8
2018,2000,Da Nang,4001036,6.8,7,4.25,8,8.25,8.8
2018,2000,Da Nang,4004629,5.2,6.75,3.25,9.25,7,2.4
2018,2000,Da Nang,4004632,3.2,4.75,5.5,6,5.25,2.6
2018,2000,Da Nang,4004609,2,3.75,6,3.5,4.25,2
2018,2000,Da Nang,4004611,3.8,4.5,3.75,2.5,3.5,3.2
2018,2000,Da Nang,4004615,3,1.25,3,4,3,2.6
2018,2000,Da Nang,4010266,6,2.75,4.5,5.25,4,3.2
2018,2000,Da Nang,4010285,5.2,3,6,4,3.75,3.8
2018,2000,Da Nang,4010199,5.8,5.5,2.75,2.5,3,5.8
2018,2000,Da Nang,4010102,6.4,4.25,4,4,5.25,4.2
2018,2000,Da Nang,4010106,5.4,3.25,3.5,2.25,2.5,3.4
2018,2000,Da Nang,4010274,5,4.5,4.25,5.25,3,4.2
2018,2000,Da Nang,4010282,7,4,4.25,5.5,4.25,7.8
2018,2000,Da Nang,4010294,5.4,5,6.25,3.25,3.25,2.8
2018,2000,Da Nang,4010311,4.8,5,4.5,3.5,4.75,5.6
2018,2000,Da Nang,4010314,6,6.25,6.25,5.25,3.75,7.8
2018,2000,Da Nang,4010316,5.6,4.25,5.25,4.5,5,8.6
2018,2000,Da Nang,4009915,4.4,4.5,4,6,5.25,4
2018,2000,Da Nang,4009967,6.2,5.25,2.75,4.5,4.75,5
2018,2000,Da Nang,4009969,6.8,2.75,3,5,5.75,4.8
2018,2000,Da Nang,4009971,4.6,4.5,4.5,3.5,4,5.6
2018,2000,Da Nang,4009975,4.6,6,5.75,4,5.25,3.4
2018,2000,Da Nang,4009979,6.4,2.75,4.75,5.25,4.5,7
2018,2000,Da Nang,4009963,6.2,4.25,4.75,3.5,2.75,4.4
2018,2000,Da Nang,4009977,4.8,3.75,5,4.25,4.5,3.2
2018,2000,Da Nang,4006037,6.6,6.75,7.5,3.75,2.25,4.4
2018,2000,Da Nang,4006041,5.8,5.5,5.5,3.5,4.5,4.2
2018,2000,Da Nang,4006043,7.2,7.25,4.75,5.25,4,7.2
2018,2000,Da Nang,4006049,6.2,4.25,4.5,6.75,5.5,4.2
2018,2000,Da Nang,4006067,6.4,8.5,2.25,4,4.5,5.6
2018,2000,Da Nang,4006053,6,7.5,4,6.25,5.5,6.8
2018,2000,Da Nang,4006055,4.2,4.25,6,3.25,4.75,4.4
2018,2000,Da Nang,4006057,3.4,4,5.5,6,4.75,3
2018,2000,Da Nang,4006063,5.8,4.25,4,3.75,3.25,1.6
2018,2000,Da Nang,4006433,6.2,5.25,4.5,3.75,4.25,2.4
2018,2000,Da Nang,4006445,4,5.75,2.75,4.5,3.75,3.2
2018,2000,Da Nang,4006451,4.8,5,3.5,4.5,4.5,2.6
2018,2000,Da Nang,4006457,3.2,2,5.25,6.25,4.25,2.2
2018,2000,Da Nang,4006058,6.6,6.25,,,,6.6
2018,2000,Da Nang,4006064,7.2,5.25,4.25,4,4.25,6.2
2018,2000,Da Nang,4005612,6.4,4.5,2.75,1.5,3.75,2.4
2018,2000,Da Nang,4006367,5.6,3.25,7,4.75,4.25,2.4
2018,2000,Da Nang,4006375,6.6,3,5.75,7,4.75,5
2018,2000,Da Nang,4006386,5.4,6.25,3.5,4.25,3.5,4
2018,2000,Da Nang,4006391,4,5.5,4.25,4.75,3.25,2.6
2018,2000,Da Nang,4006404,8,3.75,4.75,5.5,4.25,3.8
2018,2000,Da Nang,4007576,6.8,4.25,,,,8.4
2018,2000,Da Nang,4007581,3.6,4.75,,,,3.2
2018,2000,Da Nang,4007587,5.8,6.5,8,6.75,3.5,6.6
2018,2000,Da Nang,4007594,7,4,7.5,3,5,6.4
2018,2000,Da Nang,4007600,5.8,6.5,3,1.75,2.5,4.2
2018,2000,Da Nang,4007603,7.2,6.5,6.5,4.75,5.25,7.8
2018,2000,Da Nang,4007604,6.2,5.5,8.25,7.25,5.25,4
2018,2000,Da Nang,4007605,6,3.5,6.5,7,3.5,3
2018,2000,Da Nang,4007611,7,4.5,6.5,3.75,4,7.6
2018,2000,Da Nang,4007616,7,3,5.25,6,6.75,7.2
2018,2000,Da Nang,4007622,7.4,3.75,6,6.5,4,6.8
2018,2000,Da Nang,4007624,7,5.25,6.75,3.5,5.25,6.6
2018,2000,Da Nang,4008361,7.6,3.5,7.75,7,5,4.4
2018,2000,Da Nang,4008363,5.8,5.25,8.5,4,3.75,6.4
2018,2000,Da Nang,4008365,7.6,6.75,6.75,5,5,7.8
2018,2000,Da Nang,4008367,7.2,4.5,4.5,7.75,7.25,4.2
2018,2000,Da Nang,4008369,5.6,4,6,3.25,4,5
2018,2000,Da Nang,4008371,5.8,6.25,4.25,6.5,4.75,5.8
2018,2000,Da Nang,4008356,7.6,3.5,7.25,5.5,3.75,4.6
2018,2000,Da Nang,4008377,6.2,4.5,5,4.75,4,7.6
2018,2000,Da Nang,4008379,6.8,6,5,3.75,3.5,6.8
2018,2000,Da Nang,4008383,5.4,6,6.75,6.75,3.75,4.4
2018,2000,Da Nang,4008389,5.6,3.75,7,6.75,5.75,4.6
2018,2000,Da Nang,4008392,7.2,6,6,3.25,4.5,5
2018,2000,Da Nang,4008394,7,8.5,5.75,6.75,4,8.4
2018,2000,Da Nang,4007643,6.6,4.5,6.25,6.5,3.75,5.2
2018,2000,Da Nang,4007658,6.8,4.25,6.25,6.25,4.75,4.6
2018,2000,Da Nang,4007660,5.2,6.5,4.25,3.5,3.75,7.2
2018,2000,Da Nang,4007679,7.6,5,8,7.5,4,7.4
2018,2000,Da Nang,4007727,6.8,5,2.25,7.25,6.75,7
2018,2000,Da Nang,4007712,6.6,6.75,6,5.25,5,5.8
2018,2000,Da Nang,4008290,6.6,6.5,7.5,5.25,4.5,8.2
2018,2000,Da Nang,4008294,5.6,6.5,6.25,6,4.25,7.2
2018,2000,Da Nang,4008317,5.6,6.5,6.25,5,4.25,4.8
2018,2000,Da Nang,4008320,4.4,6,4.75,5.75,6.25,5.2
2018,2000,Da Nang,4008327,3.8,1.75,7,5.25,5.25,3.8
2018,2000,Da Nang,4008333,5.4,6.75,5,4.75,4,4.4
2018,2000,Da Nang,4008349,5.8,5,3.75,5,5.5,7
2018,2000,Da Nang,4008362,5.6,5.5,2.5,2,3.25,5
2018,2000,Da Nang,4008364,7.8,5,3.75,6.75,7,5
2018,2000,Da Nang,4008376,9,5.5,6.5,4.75,3.75,3.4
2018,2000,Da Nang,4008402,7.2,3.75,6.25,3.5,5,5.8
2018,2000,Da Nang,4008490,6.4,4.25,3,9,6.75,5.6
2018,2000,Da Nang,4008492,4.6,4.75,7.25,7.25,5.25,6
2018,2000,Da Nang,4008500,6.8,6,2.75,6.75,7.75,6.2
2018,2000,Da Nang,4008507,5.2,4,5.25,2,2,3.4
2018,2000,Da Nang,4008689,6.4,7.75,6,3.75,4,8.8
2018,2000,Da Nang,4000047,4,4.75,6.75,6,3,2.4
2018,2000,Da Nang,4000050,4.2,7,5.25,6.25,4.25,5.2
2018,2000,Da Nang,4002514,6.8,6,4.75,5,3.75,5.6
2018,2000,Da Nang,4002521,5.4,5,7,7,5.25,4.6
2018,2000,Da Nang,4002534,3.6,4.5,6.5,3.5,4,3
2018,2000,Da Nang,4002313,3.8,3.75,5,5,3.5,2.6
2018,2000,Da Nang,4002323,6.8,3.75,4,4,3.75,5.8
2018,2000,Da Nang,4002340,4.8,5.25,3.5,3.5,3.75,3.2
2018,2000,Da Nang,4002357,5.6,4,3.5,2.25,3.75,3.2
2018,2000,Da Nang,4002362,6.6,6.25,7,2.25,3.75,6
2018,2000,Da Nang,4002364,6,5.5,4.5,2.75,2.75,5.6
2018,2000,Da Nang,4002368,6.6,6,4.25,6,5.75,3.4
2018,2000,Da Nang,4002372,7.6,6,5.25,7.75,3.5,4.6
2018,2000,Da Nang,4002377,5.4,5.25,5.25,4.5,4,3.8
2018,2000,Da Nang,4002380,5.4,6,3.25,6.5,6.5,6.8
2018,2000,Da Nang,4003177,6.8,5,6.75,6.25,5.5,2.4
2018,2000,Da Nang,4003178,5,3,3,4,4.25,3
2018,2000,Da Nang,4003184,3,2,5.25,4.25,3.25,3.4
2018,2000,Da Nang,4003204,4,5.25,4.5,6.75,5.75,3
2018,2000,Da Nang,4003213,2.2,5,5.25,4.5,1.5,2.8
2018,2000,Da Nang,4003219,5.8,6.25,3.75,3.25,3.5,4.8
2018,2000,Da Nang,4003293,4.8,1.75,4,3.5,2.75,3.6
2018,2000,Da Nang,4003336,2.4,1.75,3,3,3,3.8
2018,2000,Da Nang,4003327,6.4,4.25,5,5,3.5,5
2018,2000,Da Nang,4003329,7,4.5,3,3,1.75,3.8
2018,2000,Da Nang,4003331,4,3.75,2.25,3.25,4.75,5.6
2018,2000,Da Nang,4003338,5,3.5,6.5,5.5,3.5,6.2
2018,2000,Da Nang,4003340,4.8,2.5,3.5,8,6.5,5.4
2018,2000,Da Nang,4003342,2,5.25,3,2.5,3.75,2.2
2018,2000,Da Nang,4003346,6.4,2.75,4.75,3,2.5,2.8
2018,2000,Da Nang,4003348,5.6,5,4.75,5.25,2.75,4.2
2018,2000,Da Nang,4000621,6.4,6,2.75,4,4.25,8
2018,2000,Da Nang,4000638,5.8,6,5.25,6.5,5.25,
2018,2000,Da Nang,4000646,6.8,7.25,6.25,5.25,4.25,7.6
2018,2000,Da Nang,4000657,8.4,5.5,7,5.75,5,7.6
2018,2000,Da Nang,4000662,6.2,5.5,5,6,5.75,7.4
2018,2000,Da Nang,4000668,6.4,7.25,,,,8.4
2018,2000,Da Nang,4000676,6,4.5,8.25,9,5.5,6.4
2018,2000,Da Nang,4000751,2.6,4.25,6.5,3.5,3.75,
2018,2000,Da Nang,4000790,1.6,1.5,6,3.75,5.5,
2018,2000,Da Nang,4002119,7.6,3.5,4.75,3.75,3.75,2.8
2018,2000,Da Nang,4002121,4.6,3,7,3.25,4.5,5
2018,2000,Da Nang,4002123,6.4,2,7,4.75,3.75,4.2
2018,2000,Da Nang,4002125,6.2,4,8,7.25,5.75,4
2018,2000,Da Nang,4002127,5.8,3.5,4.5,3,3.5,3.6
2018,2000,Da Nang,4002129,6.2,3.25,5.5,6.75,3.5,5
2018,2000,Da Nang,4002132,3.8,3.25,8,6.5,4.5,4.6
2018,2000,Da Nang,4002386,3.8,2.5,5,5,4.5,3.6
2018,2000,Da Nang,4002395,3.6,5.25,5.5,4.75,2.75,5
2018,2000,Da Nang,4002397,7.4,3.25,2.75,3.75,4.75,4.8
2018,1998,Da Nang,4002398,6.4,6.25,3.5,3.5,3.75,5.8
2018,1996,Da Nang,4002402,7,4.25,5.25,2.5,3.5,5
2018,2000,Da Nang,4002414,5,5.5,6.75,3.5,2,5
2018,2000,Da Nang,4002408,6.2,7.25,6.25,5.5,4.75,4
2018,2000,Da Nang,4000760,5.8,5,4.75,7.25,6.25,
2018,2000,Da Nang,4001188,4,4.25,4.75,5.25,3.25,3.6
2018,2000,Da Nang,4001193,2.6,2,5.5,4.5,4.75,3.4
2018,1999,Da Nang,4001196,4.8,5,4,3.5,5.25,5
